id,first_name,last_name,email,department,salary,bank_account
1000,Fiona,Williams,fiona.williams@acmecorp.internal,Operations,143188,****4143
1001,Bob,Williams,bob.williams@acmecorp.internal,Engineering,211301,****2438
1002,Bob,Johnson,bob.johnson@acmecorp.internal,Marketing,106721,****8783
1003,Hannah,Jones,hannah.jones@acmecorp.internal,Marketing,70255,****6504
1004,Evan,Williams,evan.williams@acmecorp.internal,Marketing,192695,****5423
1005,Charlie,Jones,charlie.jones@acmecorp.internal,Marketing,182000,****7919
1006,Charlie,Miller,charlie.miller@acmecorp.internal,Marketing,179557,****1849
1007,Fiona,Williams,fiona.williams@acmecorp.internal,HR,167374,****2019
1008,Fiona,Garcia,fiona.garcia@acmecorp.internal,Operations,177134,****6151
1009,Evan,Williams,evan.williams@acmecorp.internal,Engineering,130042,****6347
1010,Alice,Miller,alice.miller@acmecorp.internal,Engineering,61118,****3759
1011,Diana,Miller,diana.miller@acmecorp.internal,Marketing,172857,****5305
1012,Fiona,Brown,fiona.brown@acmecorp.internal,Marketing,78275,****4738
1013,Alice,Miller,alice.miller@acmecorp.internal,Marketing,118943,****2973
1014,Diana,Garcia,diana.garcia@acmecorp.internal,Operations,194550,****8876
1015,George,Miller,george.miller@acmecorp.internal,HR,181820,****3095
1016,Charlie,Miller,charlie.miller@acmecorp.internal,Marketing,176863,****7343
1017,Alice,Miller,alice.miller@acmecorp.internal,Engineering,109414,****3636
1018,Hannah,Williams,hannah.williams@acmecorp.internal,HR,82187,****9729
1019,Charlie,Smith,charlie.smith@acmecorp.internal,Engineering,182277,****4057
1020,Charlie,Brown,charlie.brown@acmecorp.internal,Engineering,131162,****8660
1021,Diana,Miller,diana.miller@acmecorp.internal,Engineering,66318,****7216
1022,Charlie,Smith,charlie.smith@acmecorp.internal,Engineering,121660,****6901
1023,Fiona,Garcia,fiona.garcia@acmecorp.internal,Engineering,141810,****1565
1024,Fiona,Williams,fiona.williams@acmecorp.internal,Operations,188716,****5048
1025,Fiona,Jones,fiona.jones@acmecorp.internal,HR,206739,****4168
1026,Alice,Smith,alice.smith@acmecorp.internal,Marketing,98571,****3185
1027,Alice,Johnson,alice.johnson@acmecorp.internal,Operations,199448,****3928
1028,Bob,Johnson,bob.johnson@acmecorp.internal,Engineering,61031,****4388
1029,Bob,Brown,bob.brown@acmecorp.internal,Finance,111569,****4458
1030,Hannah,Jones,hannah.jones@acmecorp.internal,HR,181986,****6658
1031,Bob,Williams,bob.williams@acmecorp.internal,Finance,156087,****1584
1032,Diana,Jones,diana.jones@acmecorp.internal,Operations,196984,****9744
1033,Evan,Garcia,evan.garcia@acmecorp.internal,Operations,77123,****1019
1034,Evan,Jones,evan.jones@acmecorp.internal,Finance,161637,****2460
1035,Alice,Jones,alice.jones@acmecorp.internal,Marketing,168874,****8426
1036,George,Jones,george.jones@acmecorp.internal,HR,212923,****7035
1037,Alice,Johnson,alice.johnson@acmecorp.internal,Marketing,123825,****2447
1038,Diana,Smith,diana.smith@acmecorp.internal,HR,219383,****3722
1039,Alice,Williams,alice.williams@acmecorp.internal,Finance,160737,****9822
1040,Hannah,Brown,hannah.brown@acmecorp.internal,Operations,180067,****5986
1041,Charlie,Jones,charlie.jones@acmecorp.internal,Engineering,188944,****1101
1042,Fiona,Smith,fiona.smith@acmecorp.internal,Finance,100306,****6393
1043,Hannah,Smith,hannah.smith@acmecorp.internal,Marketing,206451,****1098
1044,Evan,Johnson,evan.johnson@acmecorp.internal,Operations,133748,****8381
1045,Evan,Brown,evan.brown@acmecorp.internal,Marketing,93095,****5039
1046,Hannah,Johnson,hannah.johnson@acmecorp.internal,HR,194474,****7930
1047,Evan,Smith,evan.smith@acmecorp.internal,Engineering,109775,****3781
1048,Hannah,Williams,hannah.williams@acmecorp.internal,HR,170252,****2856
1049,Alice,Johnson,alice.johnson@acmecorp.internal,Operations,186099,****8347
1050,Charlie,Brown,charlie.brown@acmecorp.internal,Operations,190386,****7737
1051,Evan,Johnson,evan.johnson@acmecorp.internal,Finance,64318,****1392
1052,Diana,Brown,diana.brown@acmecorp.internal,HR,141939,****4695
1053,George,Smith,george.smith@acmecorp.internal,Operations,87226,****3913
1054,Evan,Garcia,evan.garcia@acmecorp.internal,Finance,117857,****6745
1055,Hannah,Miller,hannah.miller@acmecorp.internal,Finance,217239,****7147
1056,Fiona,Johnson,fiona.johnson@acmecorp.internal,Engineering,117454,****3157
1057,Fiona,Williams,fiona.williams@acmecorp.internal,Engineering,191756,****2485
1058,Alice,Jones,alice.jones@acmecorp.internal,HR,219041,****7286
1059,Fiona,Garcia,fiona.garcia@acmecorp.internal,Marketing,180423,****7170
1060,Hannah,Jones,hannah.jones@acmecorp.internal,Engineering,148794,****3698
1061,George,Johnson,george.johnson@acmecorp.internal,Marketing,60777,****7226
1062,Alice,Miller,alice.miller@acmecorp.internal,Engineering,195024,****1065
1063,Charlie,Jones,charlie.jones@acmecorp.internal,Engineering,92752,****9952
1064,Hannah,Miller,hannah.miller@acmecorp.internal,Operations,82844,****7277
1065,Bob,Brown,bob.brown@acmecorp.internal,Finance,68146,****1606
1066,Evan,Miller,evan.miller@acmecorp.internal,Finance,132399,****7812
1067,Charlie,Johnson,charlie.johnson@acmecorp.internal,HR,183032,****6675
1068,Diana,Williams,diana.williams@acmecorp.internal,Finance,209494,****2856
1069,George,Brown,george.brown@acmecorp.internal,HR,174795,****7861
1070,Alice,Brown,alice.brown@acmecorp.internal,Operations,148423,****6933
1071,Diana,Garcia,diana.garcia@acmecorp.internal,Marketing,64174,****3557
1072,Alice,Williams,alice.williams@acmecorp.internal,Finance,156698,****7508
1073,Bob,Miller,bob.miller@acmecorp.internal,Marketing,70919,****2206
1074,Bob,Miller,bob.miller@acmecorp.internal,Marketing,131098,****1482
1075,Hannah,Brown,hannah.brown@acmecorp.internal,Operations,116239,****1288
1076,Diana,Jones,diana.jones@acmecorp.internal,Operations,97668,****4627
1077,Evan,Johnson,evan.johnson@acmecorp.internal,HR,141976,****3993
1078,George,Brown,george.brown@acmecorp.internal,Engineering,205136,****4449
1079,George,Johnson,george.johnson@acmecorp.internal,HR,195425,****2180
1080,Alice,Jones,alice.jones@acmecorp.internal,HR,79816,****2573
1081,Fiona,Williams,fiona.williams@acmecorp.internal,Marketing,210723,****3626
1082,Hannah,Brown,hannah.brown@acmecorp.internal,Finance,203471,****3946
1083,Hannah,Smith,hannah.smith@acmecorp.internal,Engineering,105464,****1728
1084,Hannah,Johnson,hannah.johnson@acmecorp.internal,Finance,179005,****7964
1085,Evan,Smith,evan.smith@acmecorp.internal,Operations,141351,****7217
1086,Alice,Miller,alice.miller@acmecorp.internal,Engineering,192896,****5059
1087,Hannah,Williams,hannah.williams@acmecorp.internal,Engineering,156148,****9955
1088,Evan,Johnson,evan.johnson@acmecorp.internal,Finance,73365,****3287
1089,George,Johnson,george.johnson@acmecorp.internal,Operations,87252,****9257
1090,Diana,Smith,diana.smith@acmecorp.internal,Operations,107323,****6338
1091,Alice,Brown,alice.brown@acmecorp.internal,Finance,194157,****4736
1092,Diana,Brown,diana.brown@acmecorp.internal,Engineering,63193,****5618
1093,Bob,Miller,bob.miller@acmecorp.internal,Finance,182498,****5359
1094,Evan,Jones,evan.jones@acmecorp.internal,Operations,154236,****9600
1095,Diana,Smith,diana.smith@acmecorp.internal,Operations,109641,****8462
1096,Hannah,Jones,hannah.jones@acmecorp.internal,Finance,157204,****7041
1097,Hannah,Brown,hannah.brown@acmecorp.internal,Engineering,216497,****6438
1098,Evan,Williams,evan.williams@acmecorp.internal,Marketing,90363,****9135
1099,George,Williams,george.williams@acmecorp.internal,Engineering,69080,****1633
1100,George,Garcia,george.garcia@acmecorp.internal,HR,126969,****7716
1101,Evan,Williams,evan.williams@acmecorp.internal,Marketing,95651,****8860
1102,Evan,Jones,evan.jones@acmecorp.internal,Operations,102543,****1388
1103,Fiona,Brown,fiona.brown@acmecorp.internal,Engineering,122612,****1768
1104,Alice,Smith,alice.smith@acmecorp.internal,HR,145833,****8944
1105,Alice,Smith,alice.smith@acmecorp.internal,Marketing,210577,****4024
1106,George,Garcia,george.garcia@acmecorp.internal,HR,65888,****6079
1107,Hannah,Williams,hannah.williams@acmecorp.internal,Finance,130345,****2521
1108,George,Jones,george.jones@acmecorp.internal,Engineering,206128,****6780
1109,Diana,Johnson,diana.johnson@acmecorp.internal,Engineering,199972,****8633
1110,Hannah,Jones,hannah.jones@acmecorp.internal,Finance,169312,****6132
1111,Bob,Garcia,bob.garcia@acmecorp.internal,Engineering,101149,****4017
1112,Bob,Williams,bob.williams@acmecorp.internal,Finance,113658,****6735
1113,Charlie,Garcia,charlie.garcia@acmecorp.internal,Operations,98615,****4306
1114,George,Smith,george.smith@acmecorp.internal,Marketing,212705,****5321
1115,Evan,Smith,evan.smith@acmecorp.internal,Finance,138548,****8799
1116,Hannah,Miller,hannah.miller@acmecorp.internal,Marketing,187865,****2542
1117,Evan,Smith,evan.smith@acmecorp.internal,Finance,187974,****2547
1118,Diana,Williams,diana.williams@acmecorp.internal,Finance,150295,****7554
1119,Bob,Brown,bob.brown@acmecorp.internal,Finance,207479,****9314
1120,Fiona,Brown,fiona.brown@acmecorp.internal,Engineering,193021,****6421
1121,Fiona,Johnson,fiona.johnson@acmecorp.internal,HR,193457,****5136
1122,Fiona,Jones,fiona.jones@acmecorp.internal,Engineering,155307,****9886
1123,Charlie,Garcia,charlie.garcia@acmecorp.internal,Finance,93038,****8511
1124,Alice,Garcia,alice.garcia@acmecorp.internal,HR,161377,****2045
1125,Fiona,Garcia,fiona.garcia@acmecorp.internal,Engineering,95264,****3551
1126,Charlie,Garcia,charlie.garcia@acmecorp.internal,Marketing,199305,****5926
1127,Hannah,Miller,hannah.miller@acmecorp.internal,Engineering,153565,****4867
1128,Diana,Jones,diana.jones@acmecorp.internal,Marketing,148826,****3109
1129,Diana,Williams,diana.williams@acmecorp.internal,Operations,125762,****7210
1130,Charlie,Williams,charlie.williams@acmecorp.internal,HR,186693,****5664
1131,Evan,Williams,evan.williams@acmecorp.internal,Engineering,136477,****4972
1132,Hannah,Johnson,hannah.johnson@acmecorp.internal,Marketing,114416,****3099
1133,Charlie,Johnson,charlie.johnson@acmecorp.internal,Marketing,188693,****8888
1134,George,Jones,george.jones@acmecorp.internal,Marketing,186601,****7916
1135,Evan,Williams,evan.williams@acmecorp.internal,Finance,99471,****5758
1136,Diana,Williams,diana.williams@acmecorp.internal,Finance,191445,****1699
1137,Hannah,Williams,hannah.williams@acmecorp.internal,Marketing,63899,****3181
1138,Charlie,Johnson,charlie.johnson@acmecorp.internal,Engineering,153567,****3941
1139,Evan,Brown,evan.brown@acmecorp.internal,Engineering,80872,****7645
1140,George,Williams,george.williams@acmecorp.internal,Operations,103541,****1013
1141,George,Jones,george.jones@acmecorp.internal,Engineering,144087,****3025
1142,Evan,Smith,evan.smith@acmecorp.internal,Engineering,190046,****8545
1143,Evan,Garcia,evan.garcia@acmecorp.internal,HR,75752,****1672
1144,Charlie,Williams,charlie.williams@acmecorp.internal,Marketing,120462,****7741
1145,Bob,Johnson,bob.johnson@acmecorp.internal,Operations,213164,****9615
1146,Bob,Johnson,bob.johnson@acmecorp.internal,Operations,206187,****8903
1147,Charlie,Williams,charlie.williams@acmecorp.internal,Finance,164089,****8794
1148,Bob,Williams,bob.williams@acmecorp.internal,Marketing,167241,****7859
1149,Charlie,Garcia,charlie.garcia@acmecorp.internal,HR,64849,****3198
1150,Hannah,Miller,hannah.miller@acmecorp.internal,Engineering,199409,****5546
1151,Bob,Williams,bob.williams@acmecorp.internal,Engineering,107336,****6472
1152,Fiona,Garcia,fiona.garcia@acmecorp.internal,Marketing,146068,****1863
1153,Charlie,Brown,charlie.brown@acmecorp.internal,HR,161414,****4790
1154,Alice,Brown,alice.brown@acmecorp.internal,Engineering,193942,****7162
1155,George,Jones,george.jones@acmecorp.internal,Finance,115801,****2432
1156,Alice,Jones,alice.jones@acmecorp.internal,Finance,104929,****5349
1157,Hannah,Garcia,hannah.garcia@acmecorp.internal,Operations,121936,****9744
1158,Fiona,Williams,fiona.williams@acmecorp.internal,Engineering,94172,****7621
1159,Diana,Jones,diana.jones@acmecorp.internal,Operations,95156,****7926
1160,Fiona,Williams,fiona.williams@acmecorp.internal,Operations,163424,****8156
1161,Fiona,Williams,fiona.williams@acmecorp.internal,Engineering,176758,****8555
1162,George,Miller,george.miller@acmecorp.internal,Finance,181428,****1534
1163,Diana,Williams,diana.williams@acmecorp.internal,HR,63506,****8244
1164,Bob,Miller,bob.miller@acmecorp.internal,HR,115444,****8173
1165,Alice,Garcia,alice.garcia@acmecorp.internal,Finance,202399,****8333
1166,Bob,Smith,bob.smith@acmecorp.internal,Operations,123956,****1691
1167,Alice,Johnson,alice.johnson@acmecorp.internal,Engineering,107439,****3269
1168,Charlie,Garcia,charlie.garcia@acmecorp.internal,HR,153055,****4832
1169,Charlie,Smith,charlie.smith@acmecorp.internal,Finance,94948,****7364
1170,Diana,Jones,diana.jones@acmecorp.internal,Operations,94704,****8452
1171,George,Jones,george.jones@acmecorp.internal,HR,206615,****3025
1172,Hannah,Jones,hannah.jones@acmecorp.internal,Finance,164476,****4712
1173,Alice,Brown,alice.brown@acmecorp.internal,HR,190046,****6543
1174,Fiona,Smith,fiona.smith@acmecorp.internal,Operations,159188,****3426
1175,Charlie,Jones,charlie.jones@acmecorp.internal,Engineering,147994,****3361
1176,Hannah,Garcia,hannah.garcia@acmecorp.internal,Operations,186212,****9404
1177,Fiona,Brown,fiona.brown@acmecorp.internal,Marketing,131731,****3633
1178,Hannah,Smith,hannah.smith@acmecorp.internal,Finance,181089,****9605
1179,Alice,Williams,alice.williams@acmecorp.internal,HR,71979,****2262
1180,Diana,Brown,diana.brown@acmecorp.internal,HR,92257,****2282
1181,Diana,Garcia,diana.garcia@acmecorp.internal,Finance,165376,****7366
1182,Charlie,Jones,charlie.jones@acmecorp.internal,Engineering,192427,****5030
1183,Alice,Garcia,alice.garcia@acmecorp.internal,HR,199378,****2140
1184,Fiona,Miller,fiona.miller@acmecorp.internal,Marketing,66169,****2607
1185,Bob,Williams,bob.williams@acmecorp.internal,Marketing,69330,****1609
1186,Fiona,Miller,fiona.miller@acmecorp.internal,Operations,131333,****2139
1187,Diana,Jones,diana.jones@acmecorp.internal,Engineering,110618,****4172
1188,Hannah,Brown,hannah.brown@acmecorp.internal,Operations,97525,****5463
1189,Diana,Brown,diana.brown@acmecorp.internal,HR,196396,****4113
1190,Bob,Garcia,bob.garcia@acmecorp.internal,Finance,162528,****4933
1191,Bob,Brown,bob.brown@acmecorp.internal,Finance,133031,****4487
1192,Hannah,Williams,hannah.williams@acmecorp.internal,Marketing,205131,****1094
1193,Evan,Jones,evan.jones@acmecorp.internal,HR,107217,****4590
1194,Diana,Miller,diana.miller@acmecorp.internal,Engineering,154986,****3089
1195,Bob,Johnson,bob.johnson@acmecorp.internal,Operations,98731,****4151
1196,Charlie,Williams,charlie.williams@acmecorp.internal,Engineering,164530,****2729
1197,Alice,Smith,alice.smith@acmecorp.internal,Finance,104694,****6160
1198,Alice,Johnson,alice.johnson@acmecorp.internal,Operations,128234,****8477
1199,Fiona,Johnson,fiona.johnson@acmecorp.internal,Engineering,139883,****4413
