f0_price_deviation,f1_num_offers,f2_single_bid,f3_days_to_delivery,f4_fast_delivery,f5_contract_duration,f6_award_amount_log,f7_competition,f8_dod_agency,f9_new_vendor,f_risk_combo,is_anomalous
1.164577709136176,6.0,0.0,78.0,0.0,71.0,4.887816158243796,0.0,1.0,1.0,0.0,0.0
0.5945252725722722,6.0,0.0,86.0,1.0,609.0,5.804861176629062,3.0,1.0,1.0,0.0,0.0
1.455319694658807,2.0,0.0,133.0,0.0,654.0,5.85119575126714,0.0,1.0,0.0,0.0,0.0
1.6004460284774311,5.0,0.0,155.0,0.0,532.0,7.305642199890837,0.0,1.0,0.0,0.0,0.0
0.37699717145772843,5.0,0.0,95.0,0.0,645.0,6.7353787373363065,0.0,1.0,1.0,0.0,1.0
0.5214771854530029,4.0,0.0,115.0,0.0,440.0,6.572670174160221,0.0,1.0,0.0,0.0,0.0
1.066007329670628,7.0,0.0,133.0,0.0,357.0,6.599309690253113,2.0,1.0,0.0,0.0,0.0
0.8537462195396344,7.0,0.0,124.0,0.0,255.0,5.081880317529915,0.0,1.0,0.0,0.0,0.0
0.9916346075122767,5.0,1.0,25.0,0.0,675.0,5.486845039318136,2.0,1.0,0.0,0.0,0.0
0.6527755279955813,7.0,0.0,176.0,0.0,518.0,4.182649141746825,0.0,1.0,0.0,0.0,0.0
1.5522399044604602,7.0,0.0,30.0,0.0,163.0,7.1477645432484955,0.0,0.0,0.0,0.0,0.0
1.4753510592064827,6.0,1.0,74.0,0.0,699.0,5.731992860679256,0.0,1.0,0.0,0.0,0.0
1.0335664031035248,3.0,0.0,117.0,0.0,71.0,5.752953428350294,2.0,1.0,0.0,0.0,0.0
1.7570224796921072,7.0,0.0,73.0,0.0,441.0,4.981425059734507,0.0,1.0,0.0,0.0,1.0
1.2633345217513032,7.0,1.0,44.0,0.0,163.0,4.837709125837716,0.0,1.0,0.0,0.0,0.0
0.650739265099091,9.0,0.0,166.0,1.0,495.0,6.351287718276117,1.0,1.0,0.0,0.0,0.0
1.2024671349738913,2.0,0.0,13.0,0.0,318.0,4.9302120608147035,0.0,1.0,0.0,0.0,0.0
0.6191292024237867,4.0,0.0,45.0,0.0,335.0,4.256835406261858,0.0,1.0,0.0,0.0,0.0
1.5515045703337271,9.0,1.0,178.0,0.0,500.0,7.070029663923593,0.0,1.0,0.0,0.0,0.0
0.9753460425722876,5.0,0.0,131.0,0.0,559.0,5.505877737625464,2.0,0.0,1.0,0.0,0.0
0.9117119512059546,9.0,0.0,16.0,0.0,296.0,5.520942335597217,0.0,1.0,0.0,0.0,0.0
0.7114395885663859,1.0,0.0,136.0,0.0,728.0,5.725273126063165,0.0,1.0,0.0,0.0,0.0
1.8427714649372484,1.0,0.0,174.0,0.0,378.0,7.260179293632375,0.0,1.0,0.0,0.0,0.0
0.9256447650128455,8.0,0.0,18.0,0.0,142.0,5.2833475837592685,0.0,1.0,1.0,0.0,0.0
0.8072160625205603,4.0,0.0,75.0,0.0,34.0,7.032144845031344,0.0,1.0,1.0,0.0,0.0
0.8385619862861468,5.0,0.0,84.0,0.0,171.0,7.758179363118173,0.0,1.0,1.0,0.0,0.0
1.3049367768941618,4.0,0.0,24.0,0.0,513.0,6.643472783699197,0.0,1.0,0.0,0.0,0.0
1.2004806667068704,4.0,1.0,36.0,0.0,407.0,5.726724324708099,0.0,1.0,0.0,0.0,0.0
1.2292033858653202,9.0,0.0,32.0,0.0,266.0,6.991158892586659,2.0,0.0,0.0,0.0,0.0
1.2403709666192264,1.0,0.0,34.0,0.0,366.0,5.831589479005542,0.0,1.0,0.0,0.0,0.0
2.917782180406651,7.0,0.0,73.0,0.0,616.0,5.657709084432563,0.0,1.0,0.0,0.0,0.0
0.8161088745764237,9.0,0.0,84.0,1.0,430.0,6.101132654290733,2.0,1.0,0.0,0.0,0.0
0.7740480211126605,6.0,0.0,43.0,0.0,70.0,5.270889339237176,2.0,1.0,0.0,0.0,0.0
0.665719835660163,4.0,0.0,52.0,0.0,64.0,4.417000865120005,1.0,1.0,1.0,0.0,0.0
1.3606869891482338,2.0,0.0,35.0,0.0,367.0,5.65940802210466,0.0,1.0,0.0,0.0,0.0
1.7585439163224659,7.0,0.0,143.0,0.0,312.0,4.495427524517208,0.0,1.0,0.0,0.0,0.0
0.9446188852862913,5.0,0.0,38.0,0.0,625.0,5.641765894221787,0.0,1.0,0.0,0.0,0.0
0.6569954154806799,2.0,0.0,163.0,0.0,438.0,6.227734884853801,0.0,1.0,1.0,0.0,0.0
0.6621649348051055,4.0,1.0,97.0,0.0,559.0,7.722844724822587,0.0,1.0,1.0,0.0,0.0
1.3844409250378307,9.0,0.0,144.0,0.0,439.0,4.144889324181214,0.0,1.0,0.0,0.0,0.0
1.450092120221525,3.0,0.0,114.0,0.0,271.0,6.485833626007777,0.0,1.0,1.0,0.0,0.0
1.312032070435436,2.0,1.0,48.0,0.0,490.0,5.830940746600309,1.0,1.0,1.0,0.0,0.0
0.7169459292961713,7.0,0.0,108.0,0.0,465.0,4.081044512816557,0.0,1.0,1.0,0.0,0.0
1.1230864583556206,2.0,1.0,50.0,1.0,534.0,4.9981927037548814,0.0,0.0,1.0,1.0,0.0
1.0600784391352445,9.0,1.0,22.0,0.0,162.0,4.473941009419207,1.0,1.0,0.0,0.0,0.0
1.1155463650188489,8.0,0.0,46.0,0.0,479.0,4.867176582925779,2.0,1.0,1.0,0.0,0.0
1.546067157857123,9.0,0.0,50.0,0.0,229.0,5.098280973843673,0.0,1.0,0.0,0.0,0.0
1.1182866915658956,9.0,0.0,25.0,0.0,583.0,5.605225341528785,0.0,1.0,1.0,0.0,0.0
1.4041846043442368,3.0,0.0,5.0,0.0,588.0,6.116157573955562,0.0,1.0,0.0,0.0,0.0
1.0343668855266481,2.0,0.0,169.0,0.0,467.0,4.003959975705545,0.0,1.0,1.0,0.0,0.0
1.155530677329186,4.0,0.0,92.0,1.0,692.0,4.647477442514964,1.0,1.0,1.0,0.0,0.0
1.3711421969905602,5.0,0.0,72.0,0.0,406.0,4.374265542435203,0.0,1.0,0.0,0.0,0.0
0.4825947956037261,8.0,0.0,167.0,0.0,47.0,6.1986935970509744,0.0,1.0,1.0,0.0,0.0
0.8522838859508147,7.0,0.0,41.0,0.0,454.0,5.316299481605079,0.0,1.0,0.0,0.0,0.0
0.7904235585408892,6.0,1.0,73.0,0.0,574.0,6.193590944138872,0.0,1.0,0.0,0.0,0.0
0.7265565761019326,8.0,0.0,152.0,0.0,100.0,4.887293208698711,0.0,1.0,0.0,0.0,0.0
0.8714723637863956,6.0,0.0,114.0,1.0,103.0,4.0969174163503395,0.0,1.0,1.0,0.0,0.0
2.111652160648098,4.0,0.0,72.0,0.0,221.0,7.765467605080987,3.0,1.0,0.0,0.0,0.0
0.6486152599618382,4.0,0.0,46.0,0.0,620.0,4.433232484755976,1.0,1.0,0.0,0.0,0.0
1.6227774837179034,5.0,0.0,7.0,1.0,399.0,4.507434991846868,0.0,1.0,0.0,0.0,0.0
0.4310915123372112,1.0,0.0,16.0,0.0,713.0,4.5861873060405625,0.0,1.0,0.0,0.0,0.0
0.8458252381611768,7.0,1.0,29.0,0.0,641.0,7.92510609597309,1.0,1.0,0.0,0.0,0.0
1.084779274387251,6.0,0.0,141.0,0.0,418.0,6.470640960679985,0.0,1.0,1.0,0.0,0.0
1.3405918099482717,7.0,0.0,115.0,0.0,505.0,6.441159806815403,0.0,1.0,0.0,0.0,0.0
1.4270555847328106,5.0,1.0,78.0,0.0,261.0,7.946792806074118,1.0,1.0,1.0,0.0,1.0
1.4868705624651741,8.0,0.0,141.0,0.0,93.0,4.353755077098619,0.0,1.0,0.0,0.0,0.0
0.839992314892425,9.0,0.0,29.0,1.0,309.0,7.898003570169156,0.0,1.0,1.0,0.0,0.0
0.7935998624526175,6.0,0.0,38.0,0.0,444.0,4.816052586216164,0.0,1.0,0.0,0.0,0.0
1.5357025146786616,4.0,1.0,71.0,0.0,157.0,6.492286014248142,0.0,1.0,0.0,0.0,0.0
0.9087800689390126,1.0,0.0,165.0,0.0,185.0,5.680334261211167,0.0,1.0,0.0,0.0,0.0
0.5284309359065464,8.0,0.0,110.0,1.0,40.0,5.535807253908713,2.0,0.0,0.0,0.0,0.0
0.5674267533169426,9.0,0.0,153.0,0.0,543.0,7.72497331391785,0.0,1.0,0.0,0.0,0.0
0.6314565506262829,7.0,0.0,45.0,0.0,659.0,4.596910913761025,0.0,1.0,1.0,0.0,0.0
1.2822038715521513,8.0,0.0,152.0,0.0,609.0,7.988276044304975,1.0,1.0,0.0,0.0,0.0
1.0738097813198362,8.0,0.0,13.0,0.0,295.0,5.516500244366194,0.0,1.0,0.0,0.0,0.0
1.4123326187741578,8.0,0.0,41.0,0.0,445.0,6.595099615554218,0.0,1.0,0.0,0.0,0.0
0.8076501287831165,5.0,0.0,94.0,0.0,702.0,7.871626925933441,0.0,1.0,1.0,0.0,1.0
1.082496389482988,1.0,0.0,10.0,0.0,443.0,4.230404201515899,1.0,1.0,0.0,0.0,0.0
1.3672414871710445,1.0,0.0,154.0,0.0,237.0,7.691457451700762,0.0,1.0,0.0,0.0,0.0
0.8566950398515945,2.0,0.0,156.0,0.0,267.0,6.271245541417374,1.0,1.0,0.0,0.0,0.0
1.2565723020666852,4.0,0.0,97.0,0.0,538.0,6.817587515909809,2.0,1.0,0.0,0.0,0.0
0.7182317642873435,7.0,0.0,55.0,0.0,342.0,4.596736735545393,1.0,1.0,0.0,0.0,0.0
0.833995791096893,5.0,0.0,18.0,0.0,616.0,6.133549723324129,3.0,1.0,0.0,0.0,0.0
0.8262408624006368,1.0,0.0,111.0,0.0,634.0,6.694054858900975,1.0,1.0,0.0,0.0,0.0
0.549954449764913,2.0,0.0,97.0,0.0,55.0,5.824989229550727,2.0,1.0,0.0,0.0,0.0
1.2756887647435786,9.0,0.0,137.0,0.0,536.0,4.619940712424227,2.0,1.0,0.0,0.0,0.0
0.7908071311378277,9.0,0.0,108.0,0.0,288.0,4.9764763003423065,1.0,1.0,0.0,0.0,0.0
1.0062666129354263,4.0,0.0,23.0,0.0,393.0,7.417571163973994,2.0,1.0,1.0,0.0,0.0
1.2717238336723877,8.0,0.0,22.0,0.0,215.0,4.137883971331052,2.0,1.0,0.0,0.0,0.0
1.2501525551844292,7.0,0.0,140.0,0.0,287.0,6.83544831376325,0.0,1.0,0.0,0.0,0.0
1.3947184326218869,9.0,0.0,29.0,0.0,261.0,7.997560146058108,1.0,0.0,0.0,0.0,0.0
0.9519500231549843,8.0,0.0,168.0,0.0,65.0,4.0299319844270665,0.0,1.0,0.0,0.0,0.0
0.8092485677531543,6.0,0.0,19.0,0.0,577.0,4.644182731279759,2.0,1.0,1.0,0.0,0.0
0.960924818681818,4.0,0.0,131.0,0.0,130.0,6.696577203572538,0.0,1.0,0.0,0.0,0.0
0.43013024664749,6.0,0.0,175.0,0.0,293.0,4.2399633383413935,2.0,1.0,0.0,0.0,0.0
0.4850243242490062,3.0,1.0,79.0,0.0,165.0,6.359159935423436,1.0,1.0,0.0,0.0,0.0
0.5161541560014776,4.0,0.0,11.0,0.0,142.0,6.7360004142442245,3.0,1.0,0.0,0.0,0.0
0.6073661763966484,6.0,0.0,157.0,0.0,291.0,6.35258539245628,0.0,1.0,1.0,0.0,0.0
1.221264885890928,6.0,1.0,34.0,0.0,673.0,5.460738812084269,1.0,1.0,0.0,0.0,0.0
0.6358837421708112,6.0,0.0,95.0,1.0,690.0,6.789129183946556,1.0,1.0,0.0,0.0,0.0
0.8277192294086115,4.0,0.0,177.0,0.0,297.0,6.377177712055282,2.0,1.0,1.0,0.0,0.0
1.9148018580401323,4.0,0.0,134.0,0.0,383.0,4.8305486883756785,2.0,1.0,1.0,0.0,0.0
0.836831966488351,1.0,0.0,9.0,0.0,719.0,6.252542174340439,0.0,1.0,0.0,0.0,0.0
1.4459373324366194,6.0,0.0,147.0,0.0,194.0,7.52762886855571,0.0,1.0,0.0,0.0,0.0
0.6269999362618655,6.0,0.0,29.0,0.0,691.0,6.6673331427618,0.0,1.0,0.0,0.0,0.0
0.9023807062666631,9.0,0.0,135.0,0.0,104.0,5.887166029575388,3.0,0.0,1.0,0.0,0.0
0.621878198693176,5.0,0.0,112.0,0.0,188.0,5.286336411477805,0.0,1.0,0.0,0.0,0.0
0.8440727951310136,5.0,0.0,52.0,0.0,266.0,4.343544837750292,1.0,1.0,0.0,0.0,0.0
1.522196060365095,1.0,0.0,76.0,0.0,55.0,4.978508531036114,1.0,1.0,1.0,0.0,0.0
0.4216160506844785,2.0,0.0,22.0,0.0,601.0,4.044747012347507,0.0,1.0,0.0,0.0,0.0
1.2426072855410697,4.0,0.0,177.0,0.0,628.0,7.946503670099858,0.0,0.0,0.0,0.0,0.0
1.126221023340745,4.0,0.0,43.0,0.0,298.0,4.88992900851496,0.0,0.0,0.0,0.0,0.0
0.7429883026091533,4.0,0.0,56.0,0.0,615.0,7.259503770741491,2.0,1.0,1.0,0.0,0.0
0.48528014939232517,4.0,0.0,91.0,0.0,570.0,4.674579527219914,0.0,1.0,0.0,0.0,0.0
1.036722976128726,7.0,0.0,121.0,0.0,590.0,5.134404598422296,0.0,1.0,0.0,0.0,0.0
0.7674005729697423,2.0,0.0,91.0,0.0,591.0,5.673109276913467,1.0,1.0,0.0,0.0,0.0
1.1233756276083893,3.0,0.0,91.0,0.0,431.0,5.29762265656642,0.0,1.0,1.0,0.0,0.0
1.0109859802805523,2.0,0.0,105.0,0.0,107.0,7.193403251039444,2.0,1.0,1.0,0.0,0.0
2.2275213068023745,3.0,0.0,154.0,0.0,676.0,7.8307736320616925,0.0,1.0,0.0,0.0,0.0
0.8872062363365579,7.0,0.0,71.0,0.0,456.0,7.501177934603394,0.0,1.0,0.0,0.0,0.0
0.5994463820409586,1.0,0.0,149.0,0.0,660.0,4.614311467791026,0.0,0.0,1.0,0.0,0.0
1.093778064659941,4.0,0.0,141.0,0.0,701.0,7.106754705397162,0.0,1.0,1.0,0.0,0.0
1.1162762196556058,1.0,0.0,173.0,0.0,161.0,4.591787653218846,0.0,0.0,0.0,0.0,0.0
1.9730760814906907,9.0,0.0,164.0,0.0,311.0,7.6535244262484055,1.0,1.0,0.0,0.0,0.0
1.5182458508739836,7.0,0.0,143.0,1.0,164.0,6.071514302674314,0.0,1.0,1.0,0.0,0.0
1.195345816336142,3.0,0.0,45.0,0.0,65.0,5.3455243522268265,0.0,1.0,1.0,0.0,0.0
2.078510321647169,2.0,0.0,139.0,0.0,706.0,4.628101989336772,0.0,1.0,0.0,0.0,0.0
0.551903797844071,1.0,0.0,132.0,0.0,676.0,4.047236352716018,0.0,1.0,0.0,0.0,0.0
0.7262392548048703,5.0,0.0,52.0,1.0,682.0,4.991787966643539,2.0,0.0,0.0,0.0,0.0
0.6292114119638221,7.0,0.0,122.0,0.0,648.0,7.656080253125248,0.0,1.0,1.0,0.0,0.0
0.8229129120545188,6.0,1.0,46.0,0.0,484.0,7.1890487690889096,3.0,1.0,0.0,0.0,0.0
0.5024078325021712,8.0,0.0,94.0,0.0,395.0,7.879174831002878,0.0,1.0,0.0,0.0,0.0
1.3737929257856247,4.0,0.0,143.0,0.0,724.0,4.403046084485492,0.0,1.0,0.0,0.0,0.0
0.8948391043452907,3.0,1.0,34.0,1.0,416.0,6.368714974022678,0.0,1.0,1.0,1.0,0.0
0.47931218662833647,5.0,0.0,61.0,0.0,479.0,5.0286018961231065,0.0,1.0,1.0,0.0,0.0
0.6018244180383489,2.0,0.0,143.0,0.0,178.0,6.17176682308963,1.0,1.0,1.0,0.0,0.0
1.1697112502878584,9.0,0.0,82.0,0.0,552.0,5.281819542253821,0.0,1.0,0.0,0.0,0.0
1.520536577301953,2.0,0.0,172.0,0.0,603.0,5.1338622009734305,0.0,0.0,1.0,0.0,0.0
2.7138422789348167,5.0,0.0,2.0,0.0,504.0,6.29538120809839,1.0,1.0,1.0,0.0,0.0
4.292765796455699,5.0,0.0,130.0,0.0,379.0,4.733272647478161,1.0,1.0,0.0,0.0,0.0
1.2302343954530124,1.0,0.0,146.0,0.0,168.0,5.876533747888468,2.0,1.0,0.0,0.0,1.0
0.6097116978483867,5.0,0.0,165.0,0.0,53.0,6.6032490601761396,3.0,1.0,1.0,0.0,0.0
0.3443753301556747,5.0,0.0,29.0,0.0,469.0,4.512728292731216,1.0,1.0,0.0,0.0,0.0
1.1432278756009473,3.0,0.0,177.0,0.0,508.0,7.722377083507617,2.0,1.0,0.0,0.0,0.0
0.6659967104919894,2.0,0.0,71.0,0.0,570.0,6.022898797816499,1.0,1.0,0.0,0.0,0.0
0.8124680975606602,1.0,0.0,64.0,0.0,695.0,7.278111887537369,0.0,1.0,0.0,0.0,1.0
0.736350979552375,1.0,0.0,64.0,0.0,378.0,6.615621722484253,1.0,1.0,0.0,0.0,0.0
0.9320251839945931,5.0,0.0,115.0,0.0,610.0,6.840003764890183,0.0,0.0,1.0,0.0,0.0
1.7040199147417046,1.0,0.0,119.0,0.0,531.0,6.864523763971352,1.0,1.0,0.0,0.0,0.0
1.0816896222941488,9.0,0.0,85.0,0.0,224.0,7.500399588245891,3.0,0.0,1.0,0.0,0.0
0.9237466636061274,3.0,0.0,13.0,0.0,621.0,6.454421740187696,0.0,1.0,0.0,0.0,0.0
0.5958139194150055,6.0,0.0,177.0,0.0,67.0,5.112868606885558,2.0,1.0,0.0,0.0,0.0
0.43285976475951593,7.0,0.0,40.0,0.0,449.0,4.398038571461829,2.0,1.0,1.0,0.0,0.0
0.7841507809079583,5.0,0.0,17.0,0.0,688.0,6.425002477800566,0.0,1.0,0.0,0.0,0.0
0.9734670755803387,8.0,1.0,107.0,0.0,491.0,4.265411215082324,0.0,1.0,0.0,0.0,0.0
2.420477795384482,1.0,0.0,74.0,0.0,685.0,4.965173806758121,2.0,1.0,1.0,0.0,0.0
1.0673055134711513,3.0,0.0,111.0,0.0,69.0,4.242828738407647,3.0,1.0,0.0,0.0,0.0
1.6345536260940916,3.0,1.0,157.0,0.0,402.0,6.195550356026269,0.0,1.0,0.0,0.0,0.0
0.7790751255850383,2.0,0.0,18.0,0.0,576.0,4.641352499771472,0.0,1.0,0.0,0.0,0.0
0.552958744559929,3.0,0.0,51.0,0.0,479.0,6.4416292777338935,1.0,1.0,1.0,0.0,0.0
0.617202331401454,3.0,0.0,93.0,0.0,646.0,7.16346052345307,0.0,1.0,0.0,0.0,0.0
0.6958556550904368,7.0,0.0,142.0,0.0,353.0,7.287522883087449,0.0,1.0,0.0,0.0,0.0
2.8986203030577093,3.0,1.0,108.0,0.0,507.0,5.23817403255051,0.0,1.0,1.0,0.0,0.0
0.6631902746073121,8.0,0.0,69.0,0.0,323.0,6.195818130777984,0.0,1.0,0.0,0.0,0.0
1.5208123028291607,7.0,0.0,110.0,0.0,640.0,6.252043040345436,0.0,1.0,0.0,0.0,0.0
0.6366956086415345,9.0,0.0,176.0,0.0,113.0,5.891548728616666,1.0,1.0,0.0,0.0,0.0
1.5932668108276884,1.0,0.0,86.0,0.0,207.0,6.620455565699059,1.0,1.0,0.0,0.0,0.0
1.2122467827529053,9.0,1.0,159.0,0.0,97.0,4.840348495294134,1.0,1.0,0.0,0.0,0.0
0.9246694572653382,6.0,0.0,140.0,0.0,521.0,7.916972958347177,0.0,1.0,0.0,0.0,0.0
0.979825030986133,9.0,1.0,54.0,1.0,192.0,4.39231930836373,0.0,1.0,0.0,0.0,1.0
0.7207998017607917,4.0,0.0,45.0,0.0,251.0,7.316884564812477,0.0,1.0,0.0,0.0,0.0
1.2498656939992958,9.0,0.0,138.0,0.0,615.0,6.376383947804751,0.0,1.0,0.0,0.0,0.0
0.7965290006641453,6.0,0.0,38.0,0.0,282.0,4.979418988774864,0.0,1.0,0.0,0.0,0.0
0.541830053096542,1.0,0.0,61.0,0.0,132.0,6.982700002641199,0.0,1.0,0.0,0.0,0.0
0.5278364552190137,4.0,1.0,43.0,0.0,44.0,4.337923582708288,0.0,1.0,0.0,0.0,0.0
1.0901267336228568,2.0,1.0,109.0,1.0,188.0,7.097671337795132,0.0,1.0,1.0,1.0,0.0
2.2023954924823794,9.0,0.0,53.0,0.0,670.0,6.359940888972054,1.0,1.0,0.0,0.0,0.0
1.0832825252307632,3.0,0.0,118.0,0.0,414.0,4.443001273585606,1.0,1.0,0.0,0.0,0.0
0.9424059399940727,3.0,0.0,168.0,0.0,726.0,4.318022252369481,2.0,1.0,0.0,0.0,0.0
1.1536295120642333,5.0,0.0,149.0,0.0,180.0,7.00334533374585,1.0,1.0,1.0,0.0,0.0
1.921297753229047,4.0,0.0,170.0,0.0,276.0,5.171743626015349,0.0,1.0,0.0,0.0,0.0
1.115933473565604,1.0,0.0,5.0,0.0,144.0,7.557207403068854,0.0,1.0,1.0,0.0,0.0
0.8142697208925309,8.0,0.0,82.0,0.0,308.0,7.048292084120704,0.0,1.0,0.0,0.0,0.0
1.738711558009001,8.0,0.0,40.0,1.0,424.0,6.792760978870865,0.0,1.0,0.0,0.0,0.0
1.2390912143047315,7.0,0.0,165.0,0.0,595.0,5.114424210533803,0.0,1.0,1.0,0.0,0.0
2.155188080320119,6.0,1.0,128.0,0.0,287.0,6.835778076086472,0.0,1.0,0.0,0.0,0.0
1.0959452343416307,4.0,0.0,58.0,0.0,570.0,7.792590738059336,0.0,1.0,0.0,0.0,0.0
0.5421380984221207,5.0,0.0,101.0,0.0,468.0,4.366239337482275,0.0,1.0,1.0,0.0,0.0
0.5045544079944804,5.0,0.0,109.0,0.0,234.0,5.304650568014264,1.0,1.0,0.0,0.0,0.0
2.282939726326326,2.0,0.0,89.0,0.0,668.0,4.938689061846377,2.0,1.0,0.0,0.0,0.0
2.3674960091406985,1.0,0.0,85.0,0.0,333.0,5.573000537602667,1.0,1.0,0.0,0.0,0.0
0.9141509146681617,3.0,0.0,10.0,0.0,135.0,6.969330619415786,1.0,1.0,0.0,0.0,0.0
0.8256422913590096,5.0,0.0,81.0,0.0,703.0,5.896970325701546,0.0,1.0,1.0,0.0,0.0
2.076579660288296,2.0,0.0,63.0,0.0,669.0,6.282922424480985,0.0,1.0,0.0,0.0,0.0
0.5749208838121803,1.0,0.0,147.0,0.0,64.0,5.256619552313369,1.0,1.0,1.0,0.0,0.0
0.6393114702518731,8.0,0.0,155.0,0.0,661.0,4.565157068348402,0.0,1.0,0.0,0.0,0.0
1.379420381240038,4.0,1.0,135.0,0.0,693.0,5.067734595750914,0.0,1.0,1.0,0.0,0.0
0.8209422102840173,6.0,0.0,6.0,0.0,610.0,7.438721204967948,0.0,1.0,1.0,0.0,0.0
0.9974423430323307,5.0,0.0,151.0,0.0,208.0,6.409667848613642,2.0,1.0,1.0,0.0,0.0
0.9215286154244071,7.0,0.0,71.0,1.0,471.0,5.511954692788935,1.0,1.0,0.0,0.0,0.0
1.1838682730464232,7.0,0.0,75.0,0.0,406.0,7.15962392694235,0.0,1.0,0.0,0.0,0.0
2.021300125090263,3.0,0.0,170.0,0.0,464.0,4.257829729819635,1.0,1.0,0.0,0.0,0.0
1.0463338191032867,8.0,0.0,156.0,0.0,461.0,5.015564351689543,0.0,1.0,0.0,0.0,0.0
1.3798425474906912,4.0,0.0,10.0,0.0,477.0,4.920412616229357,0.0,1.0,0.0,0.0,0.0
0.3587655921134902,8.0,0.0,65.0,0.0,389.0,7.941458248672888,0.0,1.0,1.0,0.0,0.0
0.9759350899640451,4.0,0.0,135.0,0.0,513.0,6.8243943295710405,0.0,0.0,0.0,0.0,0.0
0.6559864569486972,1.0,0.0,97.0,0.0,398.0,6.471143745554217,1.0,1.0,1.0,0.0,0.0
0.5436734271044357,7.0,0.0,47.0,0.0,41.0,4.019939861177892,0.0,1.0,0.0,0.0,0.0
0.6446316674853833,1.0,1.0,94.0,1.0,54.0,4.7372400083594295,1.0,1.0,1.0,1.0,0.0
0.8461473852123871,7.0,0.0,156.0,0.0,700.0,6.542165171892313,0.0,1.0,0.0,0.0,0.0
1.580831969104924,1.0,0.0,40.0,0.0,666.0,5.518877305926663,1.0,1.0,0.0,0.0,0.0
0.5152019295936167,2.0,0.0,134.0,0.0,439.0,7.697121534716244,1.0,0.0,1.0,0.0,0.0
1.0154336334136618,6.0,0.0,132.0,0.0,152.0,7.058896876567031,1.0,1.0,1.0,0.0,0.0
0.7849896730262856,9.0,0.0,159.0,0.0,577.0,5.78953629121648,1.0,0.0,1.0,0.0,0.0
0.8488807624947668,4.0,0.0,54.0,1.0,130.0,6.998059910153081,3.0,1.0,1.0,0.0,0.0
1.6509962814805152,2.0,0.0,39.0,0.0,294.0,7.901617295304886,0.0,1.0,0.0,0.0,0.0
1.3087306768406795,3.0,0.0,99.0,1.0,260.0,5.8439232988058825,1.0,1.0,1.0,0.0,0.0
1.9516966158846345,9.0,0.0,96.0,0.0,38.0,6.5701035515541335,1.0,1.0,0.0,0.0,0.0
0.925655781555756,7.0,0.0,74.0,0.0,594.0,7.674658460245181,0.0,1.0,0.0,0.0,0.0
0.7061191374224844,1.0,0.0,140.0,0.0,386.0,4.994698648144693,0.0,1.0,0.0,0.0,0.0
0.8941073717066189,4.0,0.0,144.0,0.0,251.0,7.546231654665114,0.0,1.0,0.0,0.0,0.0
1.1289052926910004,3.0,1.0,44.0,0.0,385.0,4.390178827091931,0.0,1.0,0.0,0.0,0.0
1.0923012172155546,2.0,0.0,143.0,0.0,30.0,6.5937926823505855,0.0,1.0,1.0,0.0,0.0
0.5814710832512741,8.0,0.0,42.0,0.0,335.0,7.131352620223137,0.0,1.0,0.0,0.0,0.0
1.046284053891227,6.0,0.0,73.0,0.0,393.0,6.458424877009705,1.0,1.0,1.0,0.0,0.0
1.1208800829323602,2.0,0.0,5.0,0.0,267.0,5.982139216610172,0.0,1.0,0.0,0.0,0.0
3.520971756742907,6.0,0.0,61.0,0.0,611.0,6.469388399702744,2.0,1.0,0.0,0.0,0.0
2.555945734460952,4.0,0.0,172.0,0.0,204.0,4.606654835117778,0.0,1.0,0.0,0.0,0.0
0.652710442018303,1.0,0.0,80.0,0.0,126.0,4.862282841320873,1.0,1.0,0.0,0.0,0.0
0.8661547590591775,5.0,0.0,128.0,0.0,399.0,5.079597375825368,0.0,1.0,0.0,0.0,0.0
0.4810803375360547,2.0,0.0,20.0,1.0,651.0,6.391117362520152,0.0,1.0,0.0,0.0,0.0
0.7442684368671392,3.0,0.0,114.0,0.0,292.0,5.767604294980282,0.0,1.0,0.0,0.0,0.0
1.1709349143261392,8.0,0.0,67.0,0.0,62.0,4.977903369943358,1.0,1.0,0.0,0.0,0.0
1.8274596086801105,7.0,0.0,134.0,0.0,708.0,7.531237328578321,0.0,0.0,1.0,0.0,0.0
0.6945147221086548,2.0,0.0,167.0,0.0,341.0,5.495687361172894,2.0,1.0,0.0,0.0,0.0
0.7210309471833795,8.0,0.0,96.0,0.0,151.0,5.784126876919565,0.0,1.0,1.0,0.0,0.0
0.34176069301514894,6.0,0.0,19.0,0.0,460.0,5.638804306195978,0.0,1.0,1.0,0.0,0.0
0.9218866886945454,8.0,0.0,86.0,0.0,253.0,4.7277718211070106,0.0,1.0,0.0,0.0,0.0
0.5878948309967175,7.0,0.0,23.0,1.0,686.0,6.926508061720933,1.0,1.0,0.0,0.0,0.0
0.767421017444753,4.0,0.0,81.0,0.0,235.0,5.793833049075432,0.0,1.0,0.0,0.0,0.0
0.6450481014446726,5.0,0.0,11.0,0.0,415.0,4.065028439570874,0.0,1.0,0.0,0.0,0.0
0.9539621559594575,5.0,0.0,115.0,0.0,410.0,7.856054809439188,0.0,1.0,0.0,0.0,0.0
0.4152542915522019,7.0,0.0,56.0,0.0,199.0,7.263054446381655,0.0,0.0,1.0,0.0,0.0
0.4802143930099507,3.0,0.0,37.0,1.0,379.0,6.894237416367213,0.0,1.0,0.0,0.0,0.0
2.899747186183428,3.0,1.0,4.0,0.0,106.0,7.4763674820741155,3.0,1.0,0.0,0.0,0.0
0.525339115496608,3.0,0.0,159.0,0.0,480.0,7.627229014422201,0.0,1.0,0.0,0.0,0.0
0.5778778358975629,3.0,0.0,150.0,0.0,560.0,5.349958825537755,0.0,1.0,0.0,0.0,0.0
2.5054209495727,2.0,0.0,146.0,0.0,695.0,6.443834713666794,3.0,1.0,0.0,0.0,0.0
4.273929170676063,1.0,0.0,11.0,0.0,258.0,6.435231236822377,0.0,0.0,0.0,0.0,0.0
0.5566696436315316,9.0,0.0,63.0,0.0,229.0,5.069198675242388,0.0,1.0,1.0,0.0,0.0
0.8318322522389889,1.0,1.0,174.0,0.0,414.0,4.887809005788268,1.0,1.0,0.0,0.0,0.0
1.1862271109674696,8.0,1.0,104.0,0.0,514.0,4.455629019276088,2.0,0.0,0.0,0.0,0.0
2.3734600381763316,1.0,0.0,24.0,0.0,724.0,6.637256783665811,1.0,1.0,0.0,0.0,0.0
0.6105295771320809,7.0,0.0,26.0,0.0,47.0,7.1236759641231195,0.0,1.0,0.0,0.0,0.0
0.8845830075074952,3.0,0.0,48.0,0.0,196.0,7.043811918068015,3.0,1.0,1.0,0.0,0.0
1.4750159274886503,5.0,0.0,175.0,0.0,213.0,5.265101508739898,0.0,1.0,1.0,0.0,0.0
1.2428200573339265,3.0,0.0,31.0,0.0,208.0,4.8210394018608085,3.0,1.0,1.0,0.0,0.0
0.8285500482972453,5.0,0.0,162.0,0.0,354.0,5.814456713818488,2.0,1.0,0.0,0.0,0.0
0.9352779863682269,5.0,0.0,122.0,0.0,641.0,6.187253840962042,2.0,1.0,0.0,0.0,0.0
0.5028577740741554,5.0,0.0,166.0,1.0,51.0,7.676348511874223,0.0,1.0,1.0,0.0,0.0
0.8877306784838598,4.0,0.0,148.0,0.0,601.0,7.499292617096216,0.0,1.0,0.0,0.0,0.0
0.8752954915507415,5.0,0.0,60.0,0.0,462.0,7.664233325207311,1.0,1.0,0.0,0.0,0.0
1.1230912688594277,8.0,0.0,149.0,0.0,460.0,7.4010495405439185,0.0,1.0,0.0,0.0,0.0
0.7575516118914425,4.0,0.0,31.0,0.0,504.0,7.858324817745245,0.0,1.0,0.0,0.0,1.0
1.2658821884210427,4.0,0.0,53.0,0.0,110.0,5.86199998867623,2.0,1.0,1.0,0.0,0.0
1.6592370842259578,2.0,0.0,38.0,0.0,552.0,4.1898939897323775,1.0,1.0,0.0,0.0,0.0
1.0808142192824832,4.0,0.0,24.0,0.0,203.0,4.334248128593913,0.0,1.0,1.0,0.0,0.0
1.1922928335469742,2.0,1.0,17.0,0.0,391.0,5.561104567089373,0.0,1.0,0.0,0.0,0.0
1.0269340100194473,2.0,0.0,34.0,1.0,503.0,5.0307483650919895,0.0,1.0,0.0,0.0,0.0
1.0000421974359939,9.0,0.0,22.0,0.0,452.0,4.679762365444269,0.0,1.0,0.0,0.0,0.0
0.6971330361554499,1.0,0.0,69.0,0.0,256.0,7.812815098034594,0.0,1.0,0.0,0.0,0.0
1.1714556617558722,5.0,0.0,13.0,0.0,307.0,4.78167835364249,2.0,1.0,0.0,0.0,0.0
0.9525208340455942,8.0,0.0,11.0,0.0,363.0,7.837517089260924,1.0,1.0,0.0,0.0,0.0
2.8479064758231702,9.0,0.0,178.0,0.0,58.0,7.043355361284828,0.0,1.0,0.0,0.0,0.0
2.196087682738849,2.0,0.0,16.0,0.0,538.0,6.563782688500893,0.0,1.0,1.0,0.0,0.0
1.2127897402068986,2.0,0.0,14.0,0.0,99.0,6.704075840357513,1.0,1.0,0.0,0.0,0.0
0.682816853906842,4.0,0.0,6.0,0.0,351.0,5.325897294636496,2.0,0.0,0.0,0.0,0.0
0.5733804987345257,5.0,0.0,24.0,0.0,488.0,6.585708152233129,2.0,1.0,0.0,0.0,0.0
1.814067345730691,9.0,0.0,95.0,0.0,86.0,4.746768473125061,0.0,1.0,1.0,0.0,0.0
1.1403949075747728,2.0,0.0,149.0,0.0,726.0,7.750821730143918,2.0,1.0,0.0,0.0,0.0
1.2713403043091827,2.0,0.0,132.0,1.0,294.0,5.207173359842374,0.0,1.0,0.0,0.0,0.0
0.41799199661819963,3.0,1.0,104.0,0.0,41.0,5.020746049174169,0.0,1.0,0.0,0.0,0.0
1.5899765072032097,8.0,0.0,16.0,0.0,491.0,6.84465119277663,2.0,1.0,0.0,0.0,0.0
1.2550936221288091,1.0,0.0,139.0,0.0,420.0,6.625794872264727,0.0,1.0,0.0,0.0,0.0
0.5739486525181557,4.0,0.0,7.0,0.0,478.0,5.8051956733732215,0.0,1.0,0.0,0.0,0.0
0.7899683451731273,2.0,0.0,113.0,0.0,555.0,6.529784938763145,0.0,1.0,1.0,0.0,0.0
1.140946980443269,2.0,0.0,74.0,1.0,362.0,4.637972287043425,0.0,1.0,0.0,0.0,0.0
1.0265805235645158,9.0,0.0,158.0,0.0,608.0,6.693313229607821,0.0,1.0,0.0,0.0,0.0
0.8640837405846158,1.0,0.0,56.0,0.0,289.0,5.0824427807807755,1.0,1.0,0.0,0.0,0.0
0.9495717988691175,3.0,0.0,115.0,0.0,411.0,5.091343906705829,0.0,1.0,0.0,0.0,0.0
0.8816248186941469,9.0,0.0,79.0,0.0,140.0,4.648719739775139,0.0,1.0,0.0,0.0,0.0
1.0792660815899713,6.0,1.0,94.0,0.0,463.0,5.3295085401446585,2.0,1.0,0.0,0.0,0.0
2.0870383143356555,1.0,0.0,169.0,0.0,213.0,5.3250042412453125,0.0,1.0,0.0,0.0,0.0
0.27711319211605134,5.0,0.0,128.0,0.0,517.0,5.816716046809077,2.0,1.0,0.0,0.0,0.0
0.8883183195568425,9.0,0.0,75.0,0.0,590.0,4.761678018665398,0.0,0.0,0.0,0.0,0.0
1.0922679368985395,4.0,0.0,81.0,0.0,631.0,4.772030144635066,0.0,1.0,1.0,0.0,0.0
1.15950941185055,5.0,0.0,127.0,0.0,680.0,6.1669542866529135,0.0,1.0,0.0,0.0,0.0
0.830309056175915,5.0,0.0,62.0,0.0,115.0,4.5155096186819,2.0,1.0,0.0,0.0,0.0
0.41546334348443376,6.0,0.0,31.0,0.0,126.0,6.755588031955341,0.0,1.0,1.0,0.0,0.0
1.1782116545193826,2.0,0.0,84.0,0.0,678.0,7.775788503450386,2.0,1.0,1.0,0.0,0.0
2.371861540786619,8.0,0.0,13.0,1.0,296.0,5.707182486657513,0.0,1.0,0.0,0.0,0.0
0.464436376344235,9.0,0.0,31.0,0.0,48.0,7.604421252602707,0.0,1.0,1.0,0.0,0.0
1.5402026625862122,2.0,0.0,76.0,0.0,230.0,4.393266364503457,0.0,1.0,0.0,0.0,0.0
0.848519161676689,8.0,1.0,143.0,0.0,615.0,4.171830509502579,0.0,1.0,0.0,0.0,0.0
0.9698031435113831,8.0,0.0,140.0,0.0,278.0,6.885475510055359,0.0,1.0,1.0,0.0,0.0
0.590698670523032,7.0,0.0,47.0,0.0,83.0,7.044086291925986,0.0,1.0,1.0,0.0,0.0
0.8460066269114421,4.0,0.0,76.0,0.0,535.0,7.372232963863006,0.0,1.0,0.0,0.0,0.0
1.9155835409733823,5.0,0.0,28.0,0.0,166.0,4.227270713599926,1.0,0.0,0.0,0.0,0.0
1.3382029355152378,8.0,0.0,136.0,0.0,276.0,7.107628219827322,0.0,1.0,0.0,0.0,0.0
2.3777527114083976,2.0,0.0,45.0,0.0,32.0,5.506154931186327,0.0,1.0,0.0,0.0,0.0
1.8016554640566844,8.0,0.0,144.0,0.0,451.0,5.213350530728794,0.0,1.0,1.0,0.0,0.0
1.245507826428601,9.0,1.0,151.0,0.0,341.0,4.692095685373188,0.0,1.0,0.0,0.0,0.0
2.391611156981807,7.0,0.0,124.0,0.0,636.0,7.984063020410108,0.0,1.0,0.0,0.0,0.0
1.2454495877251528,4.0,0.0,60.0,0.0,264.0,4.254654357275454,1.0,1.0,0.0,0.0,0.0
1.5128481835024135,6.0,0.0,171.0,0.0,173.0,7.308032058431998,0.0,0.0,0.0,0.0,0.0
0.8621849460347099,1.0,0.0,123.0,0.0,146.0,6.557977741962111,2.0,0.0,0.0,0.0,0.0
1.0338326418713808,9.0,0.0,116.0,0.0,170.0,6.940321777047469,0.0,1.0,1.0,0.0,0.0
0.7055963750876839,4.0,0.0,154.0,0.0,345.0,6.846868479687186,0.0,1.0,0.0,0.0,0.0
1.6401569972707621,1.0,0.0,158.0,0.0,91.0,7.43373794029273,2.0,1.0,0.0,0.0,0.0
0.554797658185281,8.0,1.0,14.0,0.0,311.0,4.735168279424434,0.0,1.0,0.0,0.0,0.0
1.478717519462687,6.0,0.0,158.0,0.0,628.0,4.003298467338741,0.0,1.0,0.0,0.0,0.0
0.9090769556086724,6.0,0.0,137.0,0.0,567.0,6.394113956173065,3.0,1.0,0.0,0.0,0.0
1.7961105954341832,1.0,0.0,37.0,0.0,476.0,5.415434557293336,2.0,1.0,0.0,0.0,0.0
1.4556237375503207,7.0,0.0,56.0,0.0,655.0,4.495149324468551,1.0,1.0,0.0,0.0,0.0
2.485125295056516,6.0,0.0,135.0,0.0,576.0,4.744555016416955,0.0,1.0,0.0,0.0,0.0
1.4410720929466796,8.0,0.0,39.0,0.0,486.0,5.326997249836891,0.0,1.0,1.0,0.0,0.0
0.4556546386378381,8.0,0.0,81.0,0.0,634.0,4.2809334835468125,3.0,1.0,0.0,0.0,0.0
0.9670775536858588,2.0,1.0,124.0,1.0,117.0,4.227652808513803,2.0,1.0,0.0,0.0,0.0
0.5565470328982141,2.0,1.0,117.0,0.0,602.0,7.664105019329776,0.0,0.0,0.0,0.0,0.0
0.7717150362081456,9.0,0.0,163.0,0.0,236.0,5.248410997414785,0.0,1.0,0.0,0.0,0.0
2.1289187391686655,5.0,0.0,20.0,0.0,543.0,7.92892278989434,0.0,1.0,1.0,0.0,0.0
1.3754306821399562,4.0,0.0,53.0,0.0,669.0,7.8574680333216,0.0,1.0,0.0,0.0,0.0
0.7050650476264112,3.0,0.0,177.0,1.0,377.0,4.570285129308456,1.0,1.0,0.0,0.0,0.0
0.6023848915614813,6.0,0.0,102.0,1.0,92.0,6.859697211584764,0.0,1.0,0.0,0.0,0.0
1.016526116611169,7.0,1.0,45.0,0.0,289.0,6.403219556508277,0.0,1.0,1.0,0.0,0.0
0.5442861961018693,1.0,0.0,52.0,0.0,314.0,6.762588292420615,0.0,1.0,0.0,0.0,0.0
0.7149303606683092,5.0,0.0,61.0,0.0,685.0,4.384764000057899,0.0,1.0,0.0,0.0,0.0
1.168831738401615,9.0,0.0,100.0,0.0,689.0,4.754240314538232,0.0,1.0,0.0,0.0,0.0
1.7818568915530977,3.0,0.0,51.0,1.0,427.0,4.306554645803526,0.0,1.0,0.0,0.0,0.0
1.3557851542034594,3.0,0.0,112.0,0.0,695.0,6.416536820868284,0.0,1.0,1.0,0.0,0.0
0.318018807681281,8.0,0.0,80.0,0.0,335.0,7.946364303396365,3.0,1.0,0.0,0.0,0.0
1.1643737216816108,1.0,0.0,110.0,0.0,317.0,6.687938150631766,0.0,1.0,0.0,0.0,0.0
1.0366732485809032,4.0,0.0,28.0,0.0,615.0,6.8430461400877185,0.0,0.0,0.0,0.0,1.0
1.229915100091699,5.0,1.0,112.0,0.0,497.0,7.938340166173124,0.0,1.0,1.0,0.0,0.0
2.2436518775083547,8.0,0.0,166.0,0.0,395.0,6.712046216687185,0.0,0.0,0.0,0.0,0.0
0.35642938460327084,2.0,0.0,25.0,0.0,349.0,4.160726290513882,0.0,0.0,0.0,0.0,0.0
0.7441209333032709,4.0,0.0,59.0,0.0,523.0,7.4680224034263905,0.0,1.0,1.0,0.0,0.0
1.3437351496327528,2.0,0.0,125.0,0.0,557.0,5.458713161515185,0.0,0.0,0.0,0.0,0.0
0.4534831345125567,8.0,0.0,111.0,0.0,373.0,4.0174544860588615,0.0,1.0,1.0,0.0,0.0
2.0916945439101955,6.0,0.0,121.0,0.0,52.0,6.028936710243283,1.0,1.0,1.0,0.0,0.0
1.202230169259829,5.0,0.0,101.0,0.0,101.0,7.748060003505055,0.0,1.0,0.0,0.0,0.0
1.5269800982580035,4.0,0.0,123.0,0.0,130.0,5.029322748779933,0.0,1.0,0.0,0.0,0.0
0.7516595145567088,2.0,0.0,110.0,0.0,353.0,5.96605269221136,0.0,1.0,0.0,0.0,0.0
1.5021266113810914,9.0,0.0,14.0,0.0,459.0,4.6951075511295635,0.0,1.0,1.0,0.0,0.0
1.7061438712122714,6.0,0.0,135.0,0.0,592.0,4.23077068666576,0.0,1.0,1.0,0.0,0.0
1.1234889868613451,3.0,1.0,80.0,0.0,192.0,4.322179786852453,0.0,1.0,1.0,0.0,0.0
1.124344777910809,4.0,0.0,10.0,0.0,580.0,6.908043623845422,0.0,1.0,0.0,0.0,0.0
1.1447332261993568,7.0,0.0,74.0,0.0,496.0,7.456297882968596,0.0,1.0,0.0,0.0,0.0
0.6494219416119071,7.0,0.0,78.0,0.0,66.0,4.573195357009965,3.0,1.0,0.0,0.0,1.0
0.9288905702902392,5.0,0.0,16.0,0.0,275.0,5.153274271241875,3.0,1.0,0.0,0.0,0.0
0.926574092416234,3.0,0.0,179.0,0.0,241.0,4.780117870579309,3.0,1.0,0.0,0.0,0.0
1.2113033542592362,6.0,0.0,40.0,0.0,650.0,4.107423107705712,0.0,0.0,1.0,0.0,0.0
1.6485763931371968,6.0,0.0,60.0,0.0,674.0,6.213725479547934,0.0,1.0,0.0,0.0,0.0
0.5890359621048628,6.0,0.0,79.0,0.0,603.0,6.79968868055059,0.0,1.0,0.0,0.0,0.0
0.9394088212229652,1.0,0.0,150.0,0.0,399.0,6.591509923540282,0.0,1.0,0.0,0.0,0.0
2.09746143670588,5.0,0.0,133.0,0.0,374.0,5.552214189208991,0.0,1.0,0.0,0.0,0.0
0.6894961852432056,6.0,0.0,139.0,0.0,248.0,6.220040983759621,0.0,1.0,1.0,0.0,0.0
0.6629040576827351,9.0,0.0,43.0,0.0,571.0,4.376397226544899,0.0,1.0,0.0,0.0,0.0
1.106446021164114,5.0,0.0,152.0,0.0,90.0,4.617214874890738,0.0,1.0,0.0,0.0,0.0
1.5253022623554806,4.0,0.0,149.0,0.0,219.0,7.7271784782119335,0.0,1.0,0.0,0.0,0.0
1.005729378245597,6.0,0.0,84.0,0.0,124.0,7.046030991279587,1.0,1.0,0.0,0.0,0.0
1.9434802228665127,2.0,0.0,98.0,0.0,375.0,7.690956383300669,0.0,1.0,0.0,0.0,0.0
1.5347952603800856,1.0,0.0,7.0,0.0,239.0,7.6667211379974685,2.0,0.0,1.0,0.0,0.0
1.5233472219420174,7.0,0.0,137.0,0.0,168.0,6.597570468430963,0.0,1.0,1.0,0.0,0.0
1.3192432155875227,9.0,0.0,173.0,0.0,293.0,7.712954592448661,0.0,1.0,0.0,0.0,0.0
3.2021630999402206,8.0,0.0,85.0,0.0,632.0,5.666816412329853,0.0,1.0,0.0,0.0,0.0
0.9025051842836164,6.0,0.0,97.0,0.0,420.0,4.014464979139763,0.0,1.0,0.0,0.0,0.0
0.3672321219320741,1.0,0.0,90.0,0.0,606.0,4.250284463384638,0.0,1.0,0.0,0.0,0.0
2.2302800950779336,9.0,0.0,15.0,0.0,669.0,4.437949302803261,0.0,1.0,0.0,0.0,0.0
0.7954480680551278,5.0,0.0,111.0,0.0,661.0,4.3814138127314415,1.0,1.0,1.0,0.0,0.0
1.0554215094633563,3.0,0.0,130.0,0.0,275.0,5.406809563401054,0.0,1.0,0.0,0.0,0.0
1.9247100681153313,9.0,0.0,167.0,0.0,644.0,6.8050832284374305,0.0,1.0,1.0,0.0,0.0
0.4488216121451456,7.0,0.0,167.0,0.0,666.0,7.162595226401979,2.0,1.0,0.0,0.0,0.0
0.5348207649229583,7.0,0.0,89.0,0.0,701.0,6.360853097378499,0.0,1.0,0.0,0.0,0.0
0.4490419487429762,3.0,0.0,172.0,0.0,275.0,4.585744698227918,0.0,1.0,0.0,0.0,0.0
0.6722882109829715,9.0,0.0,95.0,0.0,189.0,6.991606408592701,0.0,0.0,0.0,0.0,0.0
1.2458503427618672,5.0,0.0,115.0,0.0,438.0,5.419207676550396,0.0,1.0,0.0,0.0,0.0
1.299648601521773,5.0,0.0,108.0,0.0,682.0,4.0519733946871845,0.0,1.0,1.0,0.0,0.0
1.1481329366447397,7.0,0.0,179.0,0.0,660.0,5.122354482130998,0.0,1.0,0.0,0.0,0.0
0.4934257230634438,6.0,0.0,133.0,0.0,429.0,5.322402216563912,1.0,1.0,0.0,0.0,0.0
0.31504124307940834,2.0,0.0,22.0,0.0,134.0,5.096982140872411,0.0,1.0,0.0,0.0,0.0
1.0275494499427666,3.0,0.0,13.0,0.0,325.0,7.247480612750342,0.0,1.0,0.0,0.0,0.0
0.7898691210370311,4.0,0.0,74.0,0.0,529.0,7.039705590376361,0.0,1.0,0.0,0.0,0.0
1.258213535416624,9.0,1.0,93.0,0.0,422.0,6.782208121650566,2.0,1.0,0.0,0.0,0.0
1.4204543896115716,7.0,0.0,120.0,0.0,271.0,4.556020314049061,1.0,1.0,0.0,0.0,0.0
1.0715655564801978,4.0,1.0,87.0,1.0,269.0,7.2313356388251275,2.0,1.0,0.0,0.0,0.0
1.4623818970188378,7.0,0.0,93.0,0.0,71.0,6.708703846653295,1.0,1.0,1.0,0.0,0.0
1.1214311555601866,7.0,0.0,165.0,1.0,231.0,4.7793507459255675,1.0,1.0,1.0,0.0,0.0
1.3034731461031581,4.0,0.0,60.0,0.0,498.0,6.592375721126066,0.0,1.0,0.0,0.0,0.0
0.7030434156233494,4.0,0.0,89.0,0.0,198.0,5.934046564014724,2.0,1.0,0.0,0.0,0.0
0.914108773031504,9.0,0.0,100.0,0.0,725.0,5.757400247424901,0.0,1.0,0.0,0.0,0.0
1.103390871027284,6.0,0.0,84.0,0.0,87.0,4.448492653889556,0.0,1.0,0.0,0.0,0.0
1.5072159958006572,2.0,0.0,174.0,0.0,442.0,6.073217103380662,1.0,1.0,0.0,0.0,0.0
0.8212969136619974,7.0,0.0,173.0,0.0,377.0,4.399727235889454,0.0,1.0,0.0,0.0,0.0
1.2976872321287805,6.0,1.0,92.0,0.0,613.0,4.6570135490170665,0.0,1.0,0.0,0.0,0.0
0.8755356609781267,5.0,1.0,81.0,0.0,651.0,4.530185257099051,0.0,1.0,0.0,0.0,0.0
0.9429225948386257,7.0,0.0,106.0,0.0,410.0,7.816433116280031,0.0,0.0,0.0,0.0,0.0
1.514006610133554,9.0,0.0,33.0,0.0,471.0,5.13945876177556,2.0,0.0,1.0,0.0,0.0
0.36915813170726197,3.0,0.0,77.0,0.0,519.0,5.420817294384031,0.0,1.0,0.0,0.0,0.0
0.5229673924266903,4.0,0.0,39.0,0.0,394.0,5.288322425184145,2.0,1.0,0.0,0.0,0.0
0.4765928584865999,2.0,0.0,26.0,0.0,159.0,7.593001780712575,0.0,1.0,0.0,0.0,0.0
0.3113591967110251,6.0,0.0,18.0,0.0,330.0,6.251863645339554,1.0,1.0,1.0,0.0,0.0
0.7123882508320805,4.0,0.0,106.0,0.0,199.0,7.676639595733247,0.0,1.0,1.0,0.0,0.0
1.4545796373797768,4.0,0.0,1.0,0.0,355.0,5.199699623311583,2.0,1.0,0.0,0.0,0.0
0.8672378238443013,7.0,0.0,116.0,0.0,460.0,4.459338697727796,0.0,1.0,0.0,0.0,0.0
1.103950423913251,4.0,0.0,78.0,0.0,176.0,6.224873810896698,0.0,1.0,0.0,0.0,0.0
1.723933758492991,5.0,0.0,66.0,0.0,204.0,5.38214796716007,0.0,1.0,0.0,0.0,0.0
1.9422421752449324,4.0,0.0,138.0,0.0,606.0,7.207627333962993,0.0,1.0,0.0,0.0,0.0
0.9660217134187563,3.0,0.0,97.0,0.0,294.0,7.517693635646634,0.0,1.0,0.0,0.0,0.0
1.9675575373789007,2.0,0.0,132.0,0.0,168.0,5.890294043628288,1.0,1.0,0.0,0.0,0.0
1.0471407234593182,8.0,1.0,127.0,0.0,529.0,7.885436096342033,2.0,1.0,1.0,0.0,0.0
0.6579021203996259,1.0,0.0,6.0,0.0,531.0,6.2120520253776235,1.0,1.0,0.0,0.0,0.0
0.7428952875959551,3.0,0.0,39.0,0.0,608.0,5.08368157354525,0.0,1.0,0.0,0.0,0.0
0.47698594388108945,7.0,1.0,103.0,1.0,561.0,5.955902061377098,0.0,1.0,0.0,0.0,0.0
0.6414224909931222,2.0,0.0,175.0,0.0,724.0,4.14924116961171,2.0,0.0,0.0,0.0,0.0
0.8360989229274016,6.0,0.0,28.0,0.0,432.0,7.216004641052271,2.0,1.0,0.0,0.0,0.0
1.4945012059834435,7.0,0.0,19.0,0.0,230.0,4.405740203417684,0.0,1.0,1.0,0.0,0.0
2.364070486167331,6.0,1.0,169.0,0.0,634.0,5.23499395401202,3.0,1.0,1.0,0.0,0.0
0.5010292693795382,3.0,0.0,174.0,0.0,215.0,6.261266188019773,0.0,0.0,0.0,0.0,0.0
1.2170303281694903,1.0,0.0,30.0,0.0,233.0,4.1719005025875955,2.0,1.0,1.0,0.0,0.0
0.5943588784527862,8.0,0.0,72.0,0.0,609.0,4.317267596725793,3.0,1.0,0.0,0.0,0.0
1.2678829540610494,3.0,0.0,113.0,0.0,647.0,6.784465430452052,1.0,1.0,0.0,0.0,0.0
0.9365584691628904,8.0,0.0,35.0,0.0,267.0,4.287108372243075,0.0,1.0,0.0,0.0,0.0
0.4003352680074895,2.0,0.0,59.0,0.0,540.0,5.908331464989506,0.0,1.0,0.0,0.0,0.0
1.5906591590823862,2.0,0.0,71.0,0.0,675.0,5.354782533683002,0.0,1.0,0.0,0.0,0.0
0.738968224887396,8.0,0.0,115.0,0.0,589.0,4.912317631825665,1.0,1.0,0.0,0.0,0.0
0.765711264813391,9.0,0.0,56.0,0.0,33.0,4.755115591454661,0.0,1.0,0.0,0.0,0.0
0.5857417971847899,8.0,0.0,74.0,0.0,495.0,7.053645174930318,1.0,1.0,1.0,0.0,0.0
0.7209816171521602,7.0,0.0,52.0,0.0,148.0,7.80616877260113,2.0,1.0,0.0,0.0,0.0
1.2385548053331947,3.0,0.0,136.0,0.0,622.0,4.560718968813327,0.0,1.0,1.0,0.0,0.0
0.9097165873353034,9.0,0.0,28.0,0.0,76.0,7.838724876696508,0.0,1.0,0.0,0.0,0.0
1.1786043699263802,7.0,0.0,42.0,0.0,725.0,6.3790500139004145,1.0,1.0,1.0,0.0,0.0
1.1983683544890613,2.0,0.0,45.0,0.0,154.0,6.566641621453028,0.0,1.0,0.0,0.0,1.0
1.935432523314282,2.0,0.0,163.0,0.0,324.0,6.839705512570328,0.0,1.0,0.0,0.0,0.0
0.8424903461203007,8.0,0.0,170.0,1.0,193.0,6.816475561418324,0.0,1.0,0.0,0.0,0.0
0.47786409432053223,3.0,0.0,90.0,0.0,599.0,7.279244432742753,0.0,1.0,1.0,0.0,0.0
1.7050785981351988,7.0,0.0,28.0,0.0,305.0,5.933874605390789,1.0,1.0,0.0,0.0,0.0
0.8472630328779077,2.0,0.0,136.0,0.0,551.0,6.133434350058804,0.0,1.0,0.0,0.0,0.0
1.7459454643169703,3.0,0.0,89.0,0.0,77.0,5.295308009853663,0.0,1.0,1.0,0.0,0.0
1.2112932089268977,3.0,0.0,153.0,0.0,347.0,4.421030375132468,0.0,1.0,0.0,0.0,0.0
0.9365346436453198,3.0,0.0,65.0,0.0,667.0,6.658560763704877,0.0,1.0,1.0,0.0,0.0
1.1905173338994872,7.0,1.0,179.0,0.0,678.0,4.134439876745004,0.0,1.0,0.0,0.0,0.0
2.652509783915881,9.0,0.0,145.0,0.0,176.0,5.102540204333473,1.0,1.0,0.0,0.0,0.0
2.824948867760684,9.0,0.0,41.0,0.0,306.0,4.3769194577844015,0.0,1.0,0.0,0.0,0.0
1.0352993040472018,7.0,0.0,130.0,0.0,316.0,4.762908629290872,0.0,1.0,0.0,0.0,1.0
1.0833903062318115,2.0,0.0,52.0,0.0,425.0,6.554923651589523,2.0,1.0,0.0,0.0,0.0
1.7127839347647293,9.0,0.0,63.0,0.0,406.0,6.513906520819672,0.0,1.0,0.0,0.0,0.0
0.6551896676165232,5.0,0.0,45.0,1.0,104.0,5.684219651982849,1.0,1.0,0.0,0.0,0.0
1.1812050973868709,5.0,0.0,123.0,0.0,563.0,4.360687905957965,0.0,1.0,1.0,0.0,0.0
0.9871518276457235,7.0,0.0,48.0,0.0,188.0,5.7334956658376335,0.0,1.0,1.0,0.0,1.0
1.169941919037032,7.0,0.0,115.0,0.0,250.0,5.410979487433174,0.0,1.0,0.0,0.0,0.0
0.6592289378092467,9.0,0.0,105.0,0.0,618.0,6.8818366114237985,1.0,1.0,0.0,0.0,0.0
0.45167890143539074,6.0,0.0,135.0,0.0,512.0,6.316106432796207,2.0,1.0,0.0,0.0,0.0
0.3546968783724292,6.0,0.0,178.0,0.0,307.0,5.966263069347995,0.0,1.0,1.0,0.0,0.0
0.5719566618353733,7.0,0.0,2.0,0.0,668.0,5.94792832921998,0.0,1.0,1.0,0.0,0.0
0.7950600421444388,3.0,0.0,178.0,0.0,305.0,7.865187549041675,0.0,1.0,0.0,0.0,0.0
0.8636429971383116,3.0,0.0,20.0,1.0,425.0,7.025176886813802,0.0,1.0,0.0,0.0,0.0
2.634294966286468,6.0,0.0,95.0,0.0,202.0,5.987918241840511,1.0,1.0,1.0,0.0,0.0
1.7384548212972055,1.0,0.0,62.0,0.0,158.0,5.91689045155591,1.0,1.0,1.0,0.0,0.0
0.6181367558815195,3.0,0.0,115.0,0.0,374.0,4.105916405219854,2.0,1.0,0.0,0.0,0.0
1.1898820995723647,7.0,0.0,130.0,1.0,424.0,7.770037053279227,0.0,1.0,1.0,0.0,0.0
0.8158382895933382,9.0,0.0,154.0,0.0,594.0,5.276695887069319,1.0,1.0,0.0,0.0,0.0
0.8674634340330499,5.0,0.0,72.0,0.0,303.0,5.023756327522975,0.0,1.0,0.0,0.0,0.0
1.097091760663348,4.0,0.0,167.0,0.0,656.0,7.997635701550685,0.0,1.0,1.0,0.0,0.0
1.3628601712419437,4.0,0.0,58.0,1.0,455.0,6.874758686018097,2.0,1.0,0.0,0.0,0.0
0.8439776701182797,7.0,0.0,37.0,0.0,79.0,4.189455093197152,0.0,1.0,0.0,0.0,0.0
1.7022072076517085,5.0,0.0,68.0,0.0,547.0,4.247541908102306,1.0,1.0,1.0,0.0,0.0
0.564977646084161,1.0,0.0,95.0,0.0,432.0,4.1020062558407915,1.0,1.0,1.0,0.0,0.0
1.0031745594561097,5.0,0.0,120.0,0.0,302.0,6.398475598051476,2.0,1.0,0.0,0.0,0.0
3.66503125510411,4.0,0.0,150.0,0.0,357.0,4.286258000247807,0.0,1.0,0.0,0.0,0.0
1.117998319177402,7.0,0.0,41.0,0.0,241.0,7.733553427379722,0.0,1.0,1.0,0.0,0.0
2.0474748498069686,8.0,0.0,55.0,0.0,459.0,7.747626160090712,2.0,1.0,0.0,0.0,0.0
1.0468232365095613,9.0,0.0,169.0,0.0,426.0,6.184216266992319,1.0,1.0,1.0,0.0,0.0
1.3369468546980703,6.0,0.0,79.0,0.0,343.0,6.466555725583803,0.0,1.0,0.0,0.0,0.0
0.9720076567903998,4.0,0.0,44.0,0.0,229.0,5.167577606100999,1.0,1.0,0.0,0.0,0.0
0.9183251193202393,4.0,1.0,177.0,0.0,309.0,4.255890169633093,0.0,1.0,0.0,0.0,0.0
0.6772321206018346,2.0,0.0,81.0,0.0,378.0,6.949841780767262,0.0,1.0,1.0,0.0,0.0
1.2400487327862602,9.0,0.0,177.0,0.0,360.0,4.407143954996069,2.0,1.0,1.0,0.0,0.0
0.653267494261755,8.0,0.0,165.0,0.0,246.0,4.3422305640735726,0.0,1.0,0.0,0.0,0.0
1.3948580002500282,8.0,0.0,163.0,0.0,437.0,5.244892436816896,0.0,1.0,0.0,0.0,0.0
1.7205491312436736,3.0,1.0,105.0,1.0,188.0,4.049862639351528,3.0,1.0,1.0,1.0,0.0
1.201133511205893,3.0,0.0,143.0,1.0,380.0,5.7361424630252635,1.0,1.0,0.0,0.0,0.0
0.8666462801875616,8.0,0.0,172.0,0.0,115.0,6.830723640320307,2.0,1.0,0.0,0.0,0.0
1.2548082720703544,5.0,0.0,49.0,0.0,360.0,7.205395725687756,0.0,1.0,1.0,0.0,0.0
0.8569835737051814,7.0,0.0,7.0,0.0,578.0,6.417229215195685,3.0,1.0,1.0,0.0,0.0
1.5964358691804306,5.0,0.0,58.0,0.0,602.0,7.38749681245565,0.0,1.0,1.0,0.0,1.0
0.40023514499602336,4.0,1.0,115.0,0.0,516.0,5.626008815068442,0.0,1.0,0.0,0.0,0.0
0.8455198074089324,6.0,0.0,98.0,0.0,551.0,7.395088340241907,0.0,1.0,0.0,0.0,0.0
0.3695733681943378,8.0,0.0,15.0,0.0,76.0,6.025893241993517,1.0,1.0,1.0,0.0,0.0
0.47353454367326375,4.0,0.0,101.0,0.0,268.0,4.892144511993181,2.0,1.0,0.0,0.0,0.0
1.9776931998111031,8.0,0.0,32.0,0.0,487.0,7.776582586641863,1.0,1.0,0.0,0.0,0.0
1.5645410011682266,3.0,0.0,91.0,0.0,590.0,5.099883495348466,1.0,1.0,1.0,0.0,1.0
0.697857664099519,4.0,0.0,104.0,1.0,437.0,4.1048059367511724,0.0,1.0,0.0,0.0,0.0
0.4717756481940691,9.0,1.0,114.0,0.0,627.0,4.970696171820108,0.0,1.0,1.0,0.0,0.0
0.22712280447158945,9.0,0.0,74.0,0.0,221.0,5.466750245029711,0.0,1.0,0.0,0.0,0.0
0.7620464600451347,9.0,0.0,74.0,0.0,137.0,5.405398733157057,0.0,1.0,1.0,0.0,0.0
3.3541805933536577,3.0,0.0,122.0,0.0,90.0,6.098670037774287,0.0,1.0,0.0,0.0,0.0
1.242893508303638,8.0,0.0,135.0,0.0,437.0,7.532507528143694,2.0,1.0,0.0,0.0,0.0
0.7559453883646637,9.0,0.0,145.0,0.0,495.0,5.169352908438796,1.0,1.0,1.0,0.0,0.0
1.2618010495601006,9.0,0.0,60.0,0.0,229.0,6.083082431836676,1.0,1.0,0.0,0.0,0.0
0.4581864065373447,1.0,0.0,76.0,0.0,578.0,5.360555814753917,0.0,1.0,1.0,0.0,0.0
0.8618606491127615,7.0,1.0,60.0,0.0,547.0,7.287092237492802,0.0,0.0,0.0,0.0,0.0
1.0509964734942374,9.0,0.0,95.0,0.0,282.0,4.630406053153914,0.0,1.0,1.0,0.0,0.0
0.9578631835171534,7.0,0.0,23.0,0.0,197.0,4.414041073240234,0.0,1.0,1.0,0.0,0.0
1.4849826086585491,3.0,1.0,77.0,0.0,549.0,6.011981012950407,0.0,1.0,0.0,0.0,0.0
1.1880610554758302,7.0,0.0,34.0,0.0,499.0,6.687550343061968,0.0,1.0,0.0,0.0,0.0
1.3967708113066541,1.0,0.0,96.0,0.0,149.0,7.182100804363066,0.0,1.0,0.0,0.0,0.0
0.7087969795090239,5.0,0.0,153.0,0.0,208.0,6.358499411621265,1.0,1.0,1.0,0.0,0.0
1.5666000599291452,6.0,0.0,177.0,0.0,370.0,7.095399045276002,0.0,1.0,1.0,0.0,0.0
2.2579751803912664,5.0,0.0,80.0,0.0,387.0,5.570840234243695,0.0,1.0,1.0,0.0,0.0
0.6156511690696999,7.0,0.0,11.0,0.0,146.0,4.131470681065876,0.0,1.0,0.0,0.0,0.0
0.6415630414222672,3.0,1.0,41.0,0.0,694.0,4.464397231606226,0.0,1.0,0.0,0.0,0.0
1.9501224552344827,6.0,0.0,19.0,0.0,302.0,4.154890404915985,0.0,1.0,1.0,0.0,0.0
0.9087620471849285,6.0,0.0,136.0,0.0,296.0,5.315774601905971,0.0,1.0,1.0,0.0,0.0
2.0176040549861596,6.0,0.0,177.0,0.0,72.0,5.981965365074729,0.0,1.0,0.0,0.0,0.0
0.8015019644680371,3.0,0.0,100.0,0.0,643.0,5.4252699346277575,0.0,1.0,0.0,0.0,0.0
2.0699465550661755,3.0,0.0,32.0,0.0,194.0,6.242397900265569,2.0,1.0,0.0,0.0,0.0
1.0679521203528055,3.0,0.0,4.0,0.0,720.0,5.922436593971151,0.0,1.0,0.0,0.0,0.0
1.137820296629418,5.0,0.0,175.0,0.0,377.0,6.711771207455762,0.0,1.0,0.0,0.0,0.0
2.186624456856979,6.0,0.0,57.0,0.0,642.0,6.667848654253625,0.0,1.0,0.0,0.0,0.0
0.8345311250589205,4.0,0.0,21.0,0.0,155.0,5.272256588434718,0.0,1.0,0.0,0.0,0.0
0.6246517103826292,4.0,0.0,32.0,1.0,146.0,5.384857821444366,0.0,1.0,1.0,0.0,0.0
0.7990896761641946,3.0,0.0,46.0,0.0,590.0,6.340591286565213,2.0,1.0,1.0,0.0,0.0
1.2537849989543008,2.0,0.0,118.0,0.0,603.0,6.385729871563367,0.0,1.0,1.0,0.0,0.0
0.4570879133178177,6.0,0.0,160.0,0.0,410.0,5.2587996545485325,1.0,1.0,0.0,0.0,0.0
1.3753874198540994,8.0,0.0,50.0,1.0,52.0,5.321271543101701,0.0,0.0,0.0,0.0,0.0
0.7638486138896651,3.0,0.0,124.0,0.0,690.0,6.776180052744588,0.0,1.0,0.0,0.0,0.0
1.7751879956598333,8.0,0.0,12.0,1.0,305.0,6.589643291504278,0.0,1.0,0.0,0.0,0.0
0.3020598348921479,6.0,0.0,2.0,0.0,685.0,4.540203218719099,0.0,0.0,0.0,0.0,0.0
0.674837817363307,2.0,0.0,10.0,0.0,639.0,5.764167518701574,0.0,1.0,1.0,0.0,0.0
0.43031659420284835,4.0,0.0,166.0,0.0,626.0,7.570824314842361,3.0,1.0,1.0,0.0,0.0
0.6615863725635422,1.0,0.0,105.0,0.0,512.0,4.1452227044179,1.0,0.0,1.0,0.0,0.0
1.13182678416946,1.0,0.0,145.0,0.0,501.0,7.420655785936855,3.0,1.0,0.0,0.0,0.0
0.9142846591684348,4.0,0.0,4.0,0.0,402.0,4.652712628256575,0.0,1.0,0.0,0.0,0.0
0.8810078132465341,5.0,0.0,4.0,0.0,47.0,6.028994529846864,1.0,1.0,0.0,0.0,0.0
0.9234926523426021,8.0,0.0,152.0,0.0,301.0,5.697345715692046,0.0,1.0,0.0,0.0,0.0
1.1070447974142965,2.0,0.0,19.0,0.0,541.0,4.040517349365835,1.0,1.0,1.0,0.0,0.0
0.60394749056838,8.0,0.0,28.0,0.0,598.0,7.661587748358528,3.0,1.0,0.0,0.0,0.0
1.4239359320639722,3.0,0.0,93.0,0.0,421.0,5.8197009093372225,1.0,1.0,1.0,0.0,0.0
1.392823504702398,2.0,0.0,109.0,0.0,526.0,7.81707310704246,2.0,1.0,0.0,0.0,0.0
1.2122994993900924,7.0,0.0,41.0,0.0,45.0,5.1469756039168715,1.0,1.0,1.0,0.0,0.0
1.3208384460781808,7.0,0.0,80.0,0.0,357.0,7.46510309366389,0.0,1.0,1.0,0.0,0.0
1.1597552603533432,6.0,1.0,121.0,0.0,385.0,7.689558295982522,1.0,1.0,0.0,0.0,0.0
2.7663718255176115,2.0,0.0,80.0,0.0,654.0,6.227329665483122,0.0,1.0,1.0,0.0,0.0
0.9573874739366236,2.0,0.0,69.0,0.0,247.0,4.81071115147087,2.0,1.0,0.0,0.0,0.0
0.8576650767267151,4.0,0.0,13.0,0.0,190.0,6.74098972842288,2.0,1.0,1.0,0.0,0.0
0.6860781131461472,5.0,0.0,81.0,0.0,276.0,6.1959122661178405,0.0,1.0,1.0,0.0,0.0
0.5968250033425802,9.0,0.0,144.0,0.0,149.0,7.7781186634105035,0.0,1.0,1.0,0.0,0.0
0.5367429946116048,3.0,0.0,113.0,0.0,420.0,5.757088247241967,0.0,1.0,1.0,0.0,0.0
0.6412097473600644,2.0,0.0,160.0,0.0,479.0,5.074054590559288,0.0,1.0,0.0,0.0,0.0
0.9652769820217098,9.0,0.0,23.0,0.0,590.0,4.553148005976428,0.0,0.0,1.0,0.0,0.0
1.1819286628559607,2.0,0.0,2.0,0.0,710.0,6.794534274746718,1.0,1.0,0.0,0.0,0.0
1.0259007726718037,1.0,0.0,99.0,0.0,81.0,7.896438475922329,0.0,1.0,0.0,0.0,0.0
0.6819713446150634,4.0,0.0,32.0,0.0,203.0,4.113375082285594,2.0,1.0,0.0,0.0,0.0
1.5684569191689792,4.0,0.0,107.0,0.0,240.0,6.961781419112507,0.0,1.0,1.0,0.0,1.0
1.447309529762379,6.0,0.0,162.0,0.0,204.0,7.707721450238667,0.0,1.0,0.0,0.0,0.0
0.9232786872435556,8.0,0.0,61.0,1.0,609.0,4.299126136909397,0.0,1.0,0.0,0.0,0.0
0.7214746241627262,9.0,0.0,99.0,0.0,127.0,4.440680180424533,2.0,1.0,1.0,0.0,0.0
1.315496236250289,3.0,0.0,123.0,0.0,50.0,6.767828393798835,0.0,1.0,0.0,0.0,0.0
1.0985452381506935,9.0,0.0,27.0,0.0,632.0,6.591853503583153,0.0,1.0,0.0,0.0,0.0
0.4847782884852417,6.0,0.0,161.0,0.0,703.0,4.275309661264982,0.0,1.0,0.0,0.0,0.0
0.9665810466860368,1.0,0.0,37.0,0.0,188.0,7.337691008604626,2.0,1.0,0.0,0.0,0.0
1.1399881938002314,9.0,0.0,145.0,0.0,262.0,6.093695391379569,0.0,1.0,1.0,0.0,0.0
0.637725465410787,2.0,1.0,119.0,0.0,382.0,7.62878949334645,1.0,1.0,0.0,0.0,0.0
1.099572751270726,6.0,1.0,26.0,0.0,398.0,7.511963523970818,1.0,0.0,0.0,0.0,0.0
0.4831581517310814,8.0,0.0,130.0,0.0,723.0,7.2500310762006634,1.0,1.0,1.0,0.0,0.0
1.9505142387829395,3.0,0.0,36.0,0.0,312.0,6.063595584977685,0.0,1.0,1.0,0.0,0.0
1.8663319724615486,3.0,0.0,108.0,0.0,38.0,5.0068425669977294,0.0,1.0,1.0,0.0,0.0
0.8813868314736008,5.0,0.0,172.0,0.0,325.0,6.023902015644531,0.0,1.0,0.0,0.0,0.0
1.1992869464868727,8.0,0.0,171.0,0.0,419.0,4.40324551120712,0.0,1.0,1.0,0.0,0.0
0.2997036928540979,3.0,0.0,156.0,0.0,391.0,6.635384593893704,1.0,1.0,0.0,0.0,0.0
0.5609217702612768,6.0,0.0,89.0,1.0,388.0,4.5359088769160305,0.0,1.0,0.0,0.0,0.0
0.8633894111414379,5.0,0.0,101.0,0.0,675.0,6.044691850002892,0.0,1.0,0.0,0.0,0.0
0.5850450005372796,2.0,0.0,54.0,1.0,595.0,4.217527896667271,0.0,1.0,1.0,0.0,0.0
1.429319191886508,7.0,0.0,165.0,1.0,206.0,5.198049961098583,0.0,1.0,0.0,0.0,1.0
2.7146099150736216,8.0,0.0,86.0,0.0,278.0,4.928321842679152,0.0,1.0,1.0,0.0,0.0
0.5552663559586035,6.0,0.0,139.0,0.0,497.0,6.480126170846682,1.0,1.0,0.0,0.0,0.0
0.6578806796341219,2.0,0.0,65.0,0.0,317.0,7.147146848090035,0.0,1.0,0.0,0.0,0.0
1.1249337940090844,2.0,0.0,133.0,0.0,329.0,4.229211818162105,3.0,1.0,0.0,0.0,0.0
2.237945089911482,4.0,0.0,41.0,0.0,147.0,7.401134740621536,1.0,1.0,0.0,0.0,0.0
0.5427062094150847,5.0,0.0,132.0,0.0,208.0,7.443070779818418,0.0,1.0,0.0,0.0,0.0
1.1326024763826634,5.0,0.0,9.0,0.0,548.0,5.369076297152091,0.0,1.0,1.0,0.0,0.0
2.485936439555185,3.0,0.0,19.0,0.0,620.0,6.636016263881288,0.0,1.0,1.0,0.0,0.0
0.43784970179109317,5.0,0.0,64.0,0.0,579.0,5.610452126813798,0.0,1.0,0.0,0.0,0.0
0.5270106070451552,3.0,0.0,87.0,0.0,245.0,4.616763528758526,0.0,1.0,0.0,0.0,0.0
0.8091238339595103,7.0,0.0,128.0,0.0,125.0,6.114649674252441,2.0,1.0,0.0,0.0,0.0
0.7708247708377768,8.0,0.0,65.0,0.0,141.0,4.345438698006387,1.0,1.0,0.0,0.0,0.0
1.501253827388859,6.0,0.0,4.0,0.0,305.0,7.513888621583952,0.0,1.0,0.0,0.0,0.0
1.1284329043582435,1.0,0.0,59.0,0.0,392.0,7.697159037638434,0.0,1.0,0.0,0.0,0.0
0.41169148629062297,9.0,0.0,79.0,0.0,655.0,7.286452548045615,0.0,0.0,1.0,0.0,0.0
1.2939573056553213,1.0,0.0,98.0,0.0,659.0,6.250112483023914,3.0,0.0,0.0,0.0,0.0
0.7491849148108689,9.0,0.0,116.0,0.0,31.0,6.230394364501819,0.0,1.0,0.0,0.0,0.0
1.8912228084652742,1.0,0.0,45.0,0.0,525.0,7.938429506403719,1.0,0.0,0.0,0.0,0.0
0.7306696999361716,5.0,0.0,110.0,0.0,239.0,4.991606759324732,1.0,1.0,0.0,0.0,0.0
0.7273789819920126,1.0,0.0,114.0,0.0,168.0,4.3037934636208295,0.0,1.0,0.0,0.0,0.0
1.3107058454190286,1.0,0.0,140.0,0.0,418.0,6.247763694404711,0.0,1.0,0.0,0.0,0.0
1.4644258306395967,7.0,0.0,94.0,0.0,53.0,5.315142391240413,0.0,1.0,1.0,0.0,0.0
1.2511331766428762,7.0,0.0,146.0,0.0,263.0,5.289355091232177,2.0,1.0,0.0,0.0,0.0
0.4305040021282511,2.0,0.0,40.0,0.0,416.0,4.028341416679792,0.0,1.0,0.0,0.0,0.0
1.3086776762350751,9.0,1.0,128.0,0.0,220.0,6.384957638191732,1.0,1.0,0.0,0.0,0.0
0.5962149480547435,3.0,0.0,9.0,0.0,445.0,5.056134809102456,1.0,1.0,0.0,0.0,0.0
1.1248369094776733,3.0,0.0,19.0,0.0,352.0,4.7514341927707235,2.0,1.0,0.0,0.0,0.0
0.4907270472396284,3.0,0.0,155.0,0.0,589.0,4.161727725572015,0.0,1.0,0.0,0.0,0.0
1.2500219032635516,5.0,0.0,86.0,0.0,157.0,5.457446305902446,0.0,1.0,0.0,0.0,0.0
0.6681120017873976,2.0,0.0,112.0,0.0,69.0,7.515875489545829,1.0,1.0,0.0,0.0,0.0
0.5265982657982943,4.0,0.0,109.0,0.0,400.0,5.346683230389489,0.0,1.0,1.0,0.0,0.0
1.428907359923361,2.0,1.0,125.0,0.0,209.0,6.716296840478375,2.0,1.0,1.0,0.0,0.0
1.1284243293478884,1.0,0.0,44.0,0.0,524.0,7.026187853607629,0.0,1.0,0.0,0.0,0.0
0.7356591339913698,4.0,0.0,32.0,0.0,95.0,5.312403236760798,0.0,1.0,0.0,0.0,0.0
2.0659484618206774,7.0,0.0,8.0,1.0,432.0,7.2865629400481655,2.0,1.0,1.0,0.0,0.0
0.802257050370286,7.0,0.0,155.0,0.0,722.0,6.767518638667797,0.0,1.0,1.0,0.0,0.0
1.0161833921839747,4.0,0.0,41.0,0.0,95.0,6.236968914803806,0.0,1.0,1.0,0.0,1.0
1.1439151536751857,3.0,0.0,103.0,0.0,241.0,4.003969856202516,0.0,1.0,0.0,0.0,0.0
0.733569476254718,8.0,0.0,82.0,1.0,621.0,4.1403630636912325,0.0,1.0,0.0,0.0,0.0
1.2656276266646478,7.0,0.0,30.0,0.0,403.0,7.9634633764242535,2.0,1.0,0.0,0.0,0.0
0.765882761687666,8.0,0.0,75.0,0.0,152.0,7.129135694014238,0.0,1.0,1.0,0.0,0.0
0.8139802622626972,9.0,0.0,15.0,0.0,179.0,7.750261035091788,0.0,1.0,0.0,0.0,0.0
1.9764875800037014,8.0,0.0,32.0,0.0,565.0,7.60921281967211,0.0,1.0,0.0,0.0,0.0
0.594346363361357,9.0,0.0,26.0,1.0,632.0,4.081771932571003,3.0,1.0,0.0,0.0,0.0
0.29927566749770645,4.0,0.0,148.0,0.0,282.0,7.167389159164296,0.0,0.0,0.0,0.0,0.0
2.237744631055743,4.0,0.0,102.0,1.0,361.0,5.804582976044618,3.0,1.0,0.0,0.0,0.0
3.5774990836414964,3.0,0.0,166.0,1.0,577.0,7.158232816002623,2.0,1.0,0.0,0.0,0.0
0.8165765372730462,3.0,0.0,79.0,0.0,153.0,4.026863136653541,0.0,1.0,0.0,0.0,0.0
0.37968283469561137,7.0,0.0,37.0,0.0,174.0,5.152797204802257,2.0,1.0,1.0,0.0,0.0
0.8562079602768001,7.0,0.0,109.0,0.0,572.0,7.005295103165208,1.0,1.0,0.0,0.0,0.0
0.8666574529399371,8.0,0.0,167.0,0.0,160.0,7.172083154406359,0.0,1.0,0.0,0.0,0.0
0.9094075635840949,2.0,0.0,96.0,0.0,569.0,6.478858404858496,0.0,1.0,1.0,0.0,0.0
0.5731005939975518,5.0,0.0,4.0,0.0,377.0,5.205024757785055,2.0,1.0,1.0,0.0,0.0
1.336134269568049,2.0,0.0,55.0,0.0,723.0,5.241450365151452,1.0,1.0,0.0,0.0,0.0
1.2998562580756268,9.0,0.0,166.0,1.0,53.0,7.867055854568131,1.0,1.0,0.0,0.0,0.0
0.47368970146788364,3.0,0.0,93.0,0.0,692.0,5.756848716936818,3.0,1.0,0.0,0.0,0.0
1.4184977170405244,2.0,0.0,171.0,1.0,187.0,5.788502200975348,0.0,1.0,0.0,0.0,0.0
2.790839623752701,6.0,1.0,92.0,0.0,54.0,6.209331000962798,2.0,1.0,0.0,0.0,0.0
1.0897847135389203,8.0,0.0,3.0,0.0,536.0,5.6380093474575546,2.0,1.0,0.0,0.0,0.0
0.8447939047865138,9.0,0.0,157.0,0.0,402.0,6.210686258389657,0.0,1.0,0.0,0.0,0.0
0.9314603950797392,1.0,0.0,137.0,0.0,616.0,5.729341691070232,0.0,1.0,0.0,0.0,0.0
1.3601954239206786,3.0,0.0,129.0,0.0,105.0,7.306859678408747,0.0,1.0,0.0,0.0,0.0
0.4209101860935016,2.0,0.0,174.0,0.0,86.0,7.636204079193136,2.0,1.0,0.0,0.0,0.0
1.0856678759509062,3.0,0.0,36.0,0.0,427.0,7.728441039261447,0.0,1.0,1.0,0.0,0.0
0.8226438033448161,5.0,0.0,163.0,0.0,647.0,6.257184823317546,1.0,1.0,0.0,0.0,0.0
2.51912723565517,3.0,0.0,42.0,0.0,314.0,5.768594229857982,0.0,1.0,0.0,0.0,0.0
0.9165979284905887,1.0,0.0,174.0,0.0,588.0,6.820960235167352,0.0,1.0,0.0,0.0,0.0
2.30238100161479,5.0,1.0,35.0,0.0,664.0,7.3532943651836264,1.0,1.0,1.0,0.0,0.0
0.5758717214579684,1.0,0.0,99.0,0.0,638.0,6.251928968265508,0.0,0.0,1.0,0.0,0.0
1.341286976677998,3.0,0.0,142.0,1.0,386.0,6.799924087289045,2.0,1.0,0.0,0.0,0.0
1.1731590252677417,1.0,0.0,14.0,0.0,518.0,6.998917402884992,0.0,1.0,0.0,0.0,0.0
0.647573081929734,1.0,0.0,12.0,0.0,397.0,6.705575106869147,2.0,1.0,0.0,0.0,0.0
1.0927506584445605,4.0,0.0,153.0,0.0,501.0,6.9845342229172385,0.0,1.0,0.0,0.0,0.0
1.8335599745578766,8.0,1.0,11.0,0.0,426.0,4.834581330223994,3.0,1.0,1.0,0.0,0.0
0.8505297807813677,7.0,0.0,110.0,0.0,397.0,5.99349818808719,1.0,1.0,0.0,0.0,0.0
0.42913602977829624,1.0,0.0,168.0,0.0,335.0,6.353074218420349,0.0,1.0,1.0,0.0,0.0
0.9912570307573396,1.0,0.0,111.0,0.0,486.0,4.009911723428092,0.0,1.0,0.0,0.0,0.0
0.6368561026762786,4.0,0.0,87.0,0.0,555.0,7.423850035254728,0.0,1.0,0.0,0.0,0.0
0.842677910486459,6.0,0.0,75.0,1.0,673.0,6.440098033779648,0.0,1.0,1.0,0.0,0.0
0.9600269856698643,7.0,0.0,115.0,0.0,459.0,4.516545326792813,2.0,1.0,0.0,0.0,0.0
0.42620871643739405,8.0,0.0,103.0,0.0,100.0,7.2654282903033085,0.0,1.0,1.0,0.0,0.0
0.44582482656662825,4.0,0.0,90.0,0.0,441.0,6.8682278657621785,0.0,1.0,0.0,0.0,0.0
1.2725635608248473,2.0,0.0,28.0,0.0,251.0,7.033198173854548,0.0,1.0,1.0,0.0,0.0
0.7700041703694603,1.0,0.0,119.0,0.0,48.0,5.568169847447425,0.0,1.0,0.0,0.0,0.0
0.27737853012391017,2.0,0.0,133.0,0.0,80.0,7.416810026779968,1.0,1.0,0.0,0.0,0.0
1.4805624040119665,1.0,0.0,127.0,0.0,443.0,5.656110328529449,0.0,1.0,1.0,0.0,0.0
1.1458937241370024,8.0,0.0,14.0,0.0,691.0,6.282036611782365,1.0,1.0,0.0,0.0,0.0
0.6998162964535564,3.0,0.0,126.0,0.0,383.0,4.002569214799495,3.0,0.0,0.0,0.0,1.0
0.5176711387940498,8.0,1.0,131.0,0.0,341.0,6.579492458711449,0.0,1.0,1.0,0.0,0.0
1.5187747862788725,5.0,0.0,33.0,0.0,92.0,6.872703168511746,0.0,1.0,0.0,0.0,0.0
1.1908594951887768,5.0,1.0,152.0,0.0,502.0,6.26843746195517,0.0,1.0,1.0,0.0,0.0
3.291360948306812,5.0,0.0,94.0,1.0,68.0,5.986235268174465,0.0,1.0,0.0,0.0,0.0
1.233794400496622,8.0,0.0,85.0,0.0,618.0,7.239745894846833,0.0,1.0,0.0,0.0,0.0
1.213916088784442,1.0,0.0,130.0,0.0,601.0,6.725490868660968,2.0,1.0,0.0,0.0,0.0
0.919924235493865,1.0,0.0,92.0,0.0,723.0,5.112296158880092,1.0,1.0,0.0,0.0,0.0
1.504390651666912,4.0,0.0,98.0,0.0,228.0,7.836293352319943,0.0,1.0,1.0,0.0,0.0
1.3668961705633977,4.0,0.0,56.0,0.0,143.0,6.829068776781363,1.0,1.0,0.0,0.0,0.0
1.8698580226781059,5.0,0.0,167.0,0.0,239.0,7.951755715649698,0.0,1.0,0.0,0.0,0.0
0.7705417351882924,7.0,0.0,174.0,0.0,589.0,7.885045265075473,2.0,1.0,0.0,0.0,0.0
0.8043637100002433,6.0,0.0,24.0,0.0,183.0,7.675638891240359,0.0,1.0,0.0,0.0,0.0
0.7869806755378373,3.0,0.0,132.0,0.0,651.0,7.02148616490123,1.0,1.0,0.0,0.0,0.0
1.4849793413209236,3.0,0.0,5.0,0.0,137.0,6.4377174739878695,2.0,1.0,1.0,0.0,0.0
2.1152800607206954,7.0,0.0,67.0,0.0,64.0,4.688682654731696,1.0,1.0,1.0,0.0,0.0
0.794994369633696,2.0,0.0,174.0,0.0,183.0,6.173405669695031,2.0,0.0,1.0,0.0,0.0
0.8086517988599403,5.0,1.0,32.0,0.0,557.0,7.061506089577309,0.0,1.0,0.0,0.0,0.0
1.170040790567564,5.0,0.0,68.0,1.0,451.0,6.083428634822271,2.0,1.0,0.0,0.0,0.0
0.8843691172844897,7.0,0.0,40.0,0.0,278.0,7.472956513622631,0.0,1.0,0.0,0.0,0.0
1.6096661972020592,7.0,0.0,131.0,0.0,489.0,4.438623596766793,1.0,1.0,1.0,0.0,0.0
0.3243640946155263,5.0,0.0,84.0,0.0,484.0,5.523761392194537,0.0,1.0,0.0,0.0,0.0
0.6614290724600596,3.0,1.0,107.0,0.0,418.0,6.023857674374629,0.0,1.0,0.0,0.0,0.0
0.6762393706783257,4.0,0.0,169.0,0.0,389.0,5.729301183476432,0.0,0.0,0.0,0.0,0.0
0.31343038336726453,4.0,0.0,94.0,0.0,101.0,4.434346191286212,0.0,1.0,1.0,0.0,0.0
0.6176587106650528,2.0,0.0,132.0,0.0,211.0,4.614113176178522,1.0,1.0,1.0,0.0,0.0
0.632814430919051,6.0,0.0,18.0,0.0,399.0,7.350469171421949,2.0,1.0,1.0,0.0,0.0
0.9043377896565279,2.0,0.0,39.0,0.0,124.0,5.937537036805804,2.0,1.0,0.0,0.0,0.0
1.7445261052168213,6.0,0.0,170.0,0.0,363.0,4.19488970701091,0.0,1.0,1.0,0.0,0.0
0.8846790761170076,7.0,0.0,154.0,0.0,111.0,4.065965035910599,2.0,1.0,0.0,0.0,0.0
0.5972575448922788,9.0,0.0,118.0,0.0,581.0,5.893901607977306,0.0,1.0,0.0,0.0,0.0
0.9719243851466233,2.0,0.0,68.0,0.0,102.0,4.657514903697775,0.0,1.0,0.0,0.0,0.0
1.6897605131880429,7.0,0.0,36.0,0.0,94.0,6.820503783996887,2.0,1.0,0.0,0.0,0.0
0.6138655135960577,1.0,0.0,153.0,0.0,476.0,7.181293850111006,0.0,1.0,0.0,0.0,1.0
0.6342656271877919,4.0,0.0,141.0,0.0,184.0,4.913186833828423,0.0,0.0,0.0,0.0,0.0
1.3221702028660407,2.0,0.0,44.0,1.0,275.0,6.3687077795271225,0.0,0.0,0.0,0.0,0.0
0.8951463470072336,2.0,0.0,106.0,0.0,249.0,4.6177785739415445,0.0,1.0,0.0,0.0,0.0
1.382291107508253,2.0,0.0,111.0,1.0,181.0,5.214330606377548,2.0,1.0,1.0,0.0,0.0
0.9931998306102283,1.0,0.0,86.0,0.0,563.0,7.555181976725733,0.0,1.0,0.0,0.0,0.0
1.4202484541860905,8.0,0.0,166.0,0.0,514.0,6.176392365929243,0.0,1.0,0.0,0.0,0.0
0.5959854308963666,1.0,0.0,23.0,0.0,197.0,7.5435547805768,0.0,1.0,0.0,0.0,0.0
0.9939758927421793,4.0,0.0,47.0,0.0,510.0,4.900991216718028,0.0,1.0,1.0,0.0,0.0
0.9000139577368544,7.0,0.0,18.0,0.0,529.0,5.320097372994664,1.0,1.0,0.0,0.0,0.0
0.5444683516161144,9.0,0.0,125.0,1.0,407.0,5.883808553827269,2.0,1.0,0.0,0.0,0.0
0.45760954791546504,8.0,0.0,116.0,0.0,434.0,5.9203203007781715,1.0,1.0,0.0,0.0,0.0
1.408991947194602,2.0,0.0,177.0,0.0,684.0,7.990591868734802,2.0,1.0,0.0,0.0,0.0
0.8390573739612189,9.0,0.0,98.0,0.0,347.0,4.45778127588452,0.0,1.0,0.0,0.0,0.0
0.5998113194385785,6.0,0.0,27.0,1.0,299.0,7.4078601424063635,2.0,1.0,0.0,0.0,0.0
0.9530485154784292,2.0,0.0,81.0,0.0,407.0,7.45472815768748,0.0,1.0,0.0,0.0,0.0
1.7577057871276864,5.0,0.0,16.0,0.0,615.0,6.21279452615115,0.0,0.0,0.0,0.0,0.0
0.3197010550853934,9.0,0.0,121.0,0.0,526.0,5.3761486730366155,1.0,1.0,0.0,0.0,0.0
0.4731611054700474,4.0,1.0,121.0,0.0,82.0,6.076904417153185,0.0,1.0,0.0,0.0,0.0
0.6303732208558216,2.0,0.0,154.0,0.0,351.0,5.169870819226255,2.0,0.0,0.0,0.0,0.0
2.076304089954529,8.0,0.0,61.0,0.0,547.0,7.1964297937597586,1.0,0.0,0.0,0.0,0.0
1.1517626308804767,9.0,0.0,56.0,0.0,186.0,5.9931166348413205,3.0,1.0,0.0,0.0,0.0
1.4676443320688908,9.0,0.0,13.0,1.0,721.0,7.703368715509802,0.0,1.0,0.0,0.0,0.0
0.5654799386002923,9.0,1.0,75.0,0.0,595.0,6.490765377424175,0.0,1.0,0.0,0.0,0.0
0.5713416353567646,8.0,0.0,86.0,0.0,622.0,6.0572773324587335,1.0,1.0,0.0,0.0,0.0
1.250954498050132,5.0,1.0,136.0,0.0,87.0,6.844277415910609,0.0,1.0,0.0,0.0,0.0
1.029565805665546,2.0,0.0,135.0,0.0,435.0,6.015731857720937,0.0,1.0,0.0,0.0,0.0
1.3157007447422067,6.0,0.0,26.0,0.0,399.0,7.618025401677789,1.0,1.0,0.0,0.0,0.0
0.9104325202015866,2.0,0.0,52.0,0.0,468.0,4.737783843547366,3.0,1.0,0.0,0.0,0.0
1.1492066827373104,5.0,0.0,92.0,0.0,625.0,7.893394734983623,1.0,1.0,0.0,0.0,0.0
1.0822687610882256,6.0,0.0,60.0,0.0,277.0,7.248762207404768,0.0,1.0,0.0,0.0,0.0
1.475332952080272,9.0,0.0,5.0,0.0,403.0,7.442933447459478,0.0,1.0,1.0,0.0,0.0
1.4970614314559394,3.0,0.0,152.0,0.0,505.0,5.931631329484285,0.0,1.0,0.0,0.0,0.0
0.4448865392977812,3.0,0.0,131.0,0.0,557.0,7.34880619735039,0.0,1.0,0.0,0.0,0.0
0.3250961553907345,7.0,0.0,94.0,0.0,569.0,5.22709633430882,0.0,1.0,1.0,0.0,0.0
1.6501607358354713,1.0,0.0,57.0,0.0,265.0,7.047792714256701,0.0,1.0,0.0,0.0,0.0
1.8109698792089615,6.0,0.0,151.0,0.0,728.0,4.561800633556091,0.0,1.0,0.0,0.0,0.0
0.600308547713148,7.0,0.0,7.0,0.0,36.0,5.228207663850035,0.0,1.0,0.0,0.0,0.0
0.3945861821868074,5.0,0.0,80.0,0.0,374.0,5.782930653438932,0.0,0.0,1.0,0.0,1.0
1.0507638863839956,4.0,0.0,144.0,0.0,456.0,5.2892788725736875,0.0,1.0,1.0,0.0,0.0
1.5926815628517137,8.0,0.0,171.0,0.0,72.0,5.548068462496735,0.0,0.0,0.0,0.0,0.0
2.4566466293987954,4.0,0.0,46.0,0.0,345.0,7.280418979134792,1.0,1.0,1.0,0.0,0.0
1.2945314125126484,7.0,0.0,117.0,0.0,447.0,5.026703568568671,0.0,0.0,0.0,0.0,0.0
0.8303912129842643,5.0,0.0,34.0,0.0,455.0,6.981124688618289,2.0,1.0,0.0,0.0,0.0
0.6398219715406661,1.0,0.0,21.0,0.0,113.0,4.294848276446608,0.0,1.0,0.0,0.0,0.0
1.0057420686742684,5.0,0.0,64.0,0.0,224.0,7.062956430060243,0.0,1.0,0.0,0.0,0.0
0.8610244722165215,1.0,0.0,159.0,0.0,201.0,7.168092971319092,0.0,1.0,0.0,0.0,0.0
0.6019782566396412,9.0,0.0,124.0,0.0,477.0,5.606795102009928,0.0,0.0,1.0,0.0,0.0
2.7853619399828355,6.0,0.0,88.0,0.0,260.0,6.889911292669882,0.0,1.0,0.0,0.0,0.0
2.441430653879845,4.0,0.0,51.0,0.0,430.0,7.6605536149803966,2.0,0.0,0.0,0.0,0.0
1.7647770087952923,5.0,0.0,26.0,0.0,541.0,7.2028518942181075,2.0,1.0,0.0,0.0,0.0
0.631015281450482,6.0,1.0,49.0,0.0,588.0,5.5617860415878395,0.0,0.0,0.0,0.0,0.0
1.5334339958640162,3.0,0.0,28.0,0.0,158.0,5.936854057120257,0.0,1.0,0.0,0.0,0.0
1.376870547433687,3.0,0.0,34.0,0.0,662.0,7.117430179143222,1.0,1.0,1.0,0.0,0.0
1.2476637619122084,4.0,0.0,124.0,0.0,146.0,5.170378359396494,0.0,1.0,0.0,0.0,0.0
1.8679333018508426,3.0,0.0,24.0,0.0,45.0,7.215530961235494,0.0,1.0,0.0,0.0,0.0
1.373944185997937,7.0,0.0,9.0,0.0,61.0,5.312284570243765,1.0,1.0,0.0,0.0,0.0
1.4477449198952872,1.0,0.0,98.0,0.0,170.0,7.223962329542152,0.0,1.0,1.0,0.0,0.0
1.3749991895306481,8.0,0.0,52.0,0.0,641.0,4.347201773402894,1.0,1.0,1.0,0.0,0.0
1.1857739740032405,4.0,0.0,82.0,0.0,175.0,4.1775891876423605,0.0,1.0,0.0,0.0,0.0
0.4099149561362352,6.0,0.0,26.0,0.0,515.0,7.990701789479289,0.0,1.0,0.0,0.0,0.0
1.0426969093290315,2.0,0.0,38.0,0.0,322.0,7.477828492938756,0.0,1.0,0.0,0.0,0.0
0.7572241400892,4.0,0.0,79.0,0.0,57.0,7.531390013864815,1.0,1.0,1.0,0.0,0.0
0.5273343566260502,7.0,0.0,124.0,0.0,340.0,7.80511979042647,0.0,1.0,1.0,0.0,0.0
2.318471911081348,3.0,0.0,75.0,0.0,49.0,5.753265237657951,1.0,1.0,1.0,0.0,0.0
2.373813349820112,2.0,0.0,97.0,0.0,363.0,5.147342218720609,1.0,1.0,0.0,0.0,0.0
1.9731086622329135,5.0,0.0,94.0,0.0,421.0,4.5200999800716115,1.0,1.0,0.0,0.0,0.0
1.1361060938683956,2.0,0.0,49.0,0.0,394.0,6.004836534153858,0.0,1.0,0.0,0.0,0.0
1.9646469509995064,3.0,1.0,51.0,0.0,227.0,4.880193281906431,0.0,1.0,0.0,0.0,0.0
1.00604478673202,5.0,0.0,77.0,0.0,566.0,7.742203426957278,0.0,1.0,0.0,0.0,0.0
1.1067177340802763,6.0,0.0,6.0,0.0,447.0,4.016012649771117,0.0,0.0,0.0,0.0,0.0
0.5788362334316975,6.0,0.0,123.0,0.0,208.0,4.572786950972486,2.0,0.0,0.0,0.0,0.0
1.2195667250307882,7.0,0.0,110.0,1.0,334.0,4.985903412333707,0.0,1.0,1.0,0.0,0.0
1.0306533939866958,8.0,0.0,55.0,0.0,105.0,4.79582684637278,2.0,0.0,1.0,0.0,0.0
0.5213539723524653,1.0,1.0,67.0,0.0,676.0,4.903113746318841,0.0,0.0,1.0,0.0,0.0
0.974726309194952,4.0,0.0,59.0,0.0,557.0,6.624190420244714,0.0,1.0,1.0,0.0,0.0
0.9609193640313928,1.0,0.0,117.0,0.0,231.0,5.310048313252597,0.0,1.0,1.0,0.0,0.0
2.4566056580463167,1.0,0.0,136.0,0.0,502.0,6.4600975276134935,1.0,1.0,0.0,0.0,0.0
1.5637810899385667,2.0,0.0,20.0,0.0,505.0,7.561031734585165,0.0,1.0,0.0,0.0,0.0
1.0057391255860246,6.0,0.0,74.0,0.0,456.0,6.410227062102808,0.0,1.0,0.0,0.0,0.0
1.1324615823167512,9.0,0.0,3.0,0.0,67.0,6.778131165145526,1.0,1.0,0.0,0.0,0.0
1.0223523413325983,7.0,0.0,81.0,0.0,644.0,5.462013192885429,0.0,1.0,0.0,0.0,0.0
0.9035200367369763,6.0,1.0,45.0,0.0,699.0,4.638953870490837,0.0,0.0,1.0,0.0,0.0
0.582041458824507,8.0,0.0,61.0,0.0,711.0,5.2823362497996245,0.0,1.0,1.0,0.0,0.0
0.9272556783192559,2.0,0.0,82.0,0.0,716.0,7.857130594816432,0.0,1.0,1.0,0.0,0.0
0.68863140070478,8.0,0.0,58.0,0.0,680.0,6.487245537812548,0.0,1.0,1.0,0.0,0.0
0.535176987272912,9.0,0.0,71.0,0.0,547.0,5.110044477736061,0.0,1.0,1.0,0.0,0.0
1.2912502141177478,1.0,0.0,137.0,0.0,69.0,5.803661068648415,1.0,0.0,0.0,0.0,0.0
1.2160797070621607,5.0,0.0,146.0,1.0,355.0,7.342052149723978,0.0,1.0,1.0,0.0,0.0
0.4092808205694134,8.0,0.0,2.0,1.0,201.0,6.673774282823095,0.0,1.0,1.0,0.0,0.0
0.9405012334604347,5.0,0.0,68.0,0.0,183.0,6.242611362916673,0.0,1.0,1.0,0.0,0.0
1.6451814678737322,8.0,0.0,152.0,0.0,611.0,7.540651506535364,0.0,1.0,0.0,0.0,0.0
1.698273029035619,9.0,0.0,95.0,0.0,598.0,6.689758288867161,0.0,0.0,0.0,0.0,0.0
1.670158315176932,5.0,0.0,37.0,0.0,395.0,6.570918923164381,0.0,1.0,1.0,0.0,0.0
1.0196471167341745,1.0,0.0,107.0,0.0,545.0,4.759072548843072,0.0,1.0,0.0,0.0,0.0
